date,game_mode,region,map,tier,hero,role,pick_rate,win_rate
2026-01-29,quickplay,Americas,all-maps,All,D.Va,TANK,10.9,48.0
2026-01-29,quickplay,Americas,all-maps,All,겐지,DAMAGE,11.3,50.2
2026-01-29,quickplay,Americas,all-maps,All,둠피스트,TANK,10.3,49.6
2026-01-29,quickplay,Americas,all-maps,All,라마트라,TANK,9.0,50.1
2026-01-29,quickplay,Americas,all-maps,All,라이프위버,SUPPORT,13.4,47.2
2026-01-29,quickplay,Americas,all-maps,All,라인하르트,TANK,13.5,54.5
2026-01-29,quickplay,Americas,all-maps,All,레킹볼,TANK,3.6,49.2
2026-01-29,quickplay,Americas,all-maps,All,로드호그,TANK,7.8,45.3
2026-01-29,quickplay,Americas,all-maps,All,루시우,SUPPORT,11.9,53.6
2026-01-29,quickplay,Americas,all-maps,All,리퍼,DAMAGE,10.2,53.0
2026-01-29,quickplay,Americas,all-maps,All,마우가,TANK,5.3,50.0
2026-01-29,quickplay,Americas,all-maps,All,메르시,SUPPORT,30.0,49.7
2026-01-29,quickplay,Americas,all-maps,All,메이,DAMAGE,7.8,52.9
2026-01-29,quickplay,Americas,all-maps,All,모이라,SUPPORT,23.5,49.3
2026-01-29,quickplay,Americas,all-maps,All,바스티온,DAMAGE,16.7,49.9
2026-01-29,quickplay,Americas,all-maps,All,바티스트,SUPPORT,8.1,47.1
2026-01-29,quickplay,Americas,all-maps,All,벤데타,DAMAGE,14.9,54.7
2026-01-29,quickplay,Americas,all-maps,All,벤처,DAMAGE,4.4,52.1
2026-01-29,quickplay,Americas,all-maps,All,브리기테,SUPPORT,7.4,53.3
2026-01-29,quickplay,Americas,all-maps,All,소전,DAMAGE,11.0,45.2
2026-01-29,quickplay,Americas,all-maps,All,솔저: 76,DAMAGE,15.7,48.9
2026-01-29,quickplay,Americas,all-maps,All,솜브라,DAMAGE,7.7,48.0
2026-01-29,quickplay,Americas,all-maps,All,시그마,TANK,9.8,53.4
2026-01-29,quickplay,Americas,all-maps,All,시메트라,DAMAGE,4.3,55.3
2026-01-29,quickplay,Americas,all-maps,All,아나,SUPPORT,29.3,47.5
2026-01-29,quickplay,Americas,all-maps,All,애쉬,DAMAGE,16.4,50.8
2026-01-29,quickplay,Americas,all-maps,All,에코,DAMAGE,7.3,49.8
2026-01-29,quickplay,Americas,all-maps,All,오리사,TANK,10.9,46.0
2026-01-29,quickplay,Americas,all-maps,All,우양,SUPPORT,10.3,51.1
2026-01-29,quickplay,Americas,all-maps,All,위도우메이커,DAMAGE,8.1,45.0
2026-01-29,quickplay,Americas,all-maps,All,윈스턴,TANK,3.6,50.0
2026-01-29,quickplay,Americas,all-maps,All,일리아리,SUPPORT,10.4,54.2
2026-01-29,quickplay,Americas,all-maps,All,자리야,TANK,5.4,48.5
2026-01-29,quickplay,Americas,all-maps,All,정커퀸,TANK,6.5,54.6
2026-01-29,quickplay,Americas,all-maps,All,정크랫,DAMAGE,13.5,51.5
2026-01-29,quickplay,Americas,all-maps,All,젠야타,SUPPORT,13.7,55.5
2026-01-29,quickplay,Americas,all-maps,All,주노,SUPPORT,21.0,50.5
2026-01-29,quickplay,Americas,all-maps,All,캐서디,DAMAGE,17.4,47.2
2026-01-29,quickplay,Americas,all-maps,All,키리코,SUPPORT,20.9,46.3
2026-01-29,quickplay,Americas,all-maps,All,토르비욘,DAMAGE,5.4,55.5
2026-01-29,quickplay,Americas,all-maps,All,트레이서,DAMAGE,4.3,46.5
2026-01-29,quickplay,Americas,all-maps,All,파라,DAMAGE,5.6,52.2
2026-01-29,quickplay,Americas,all-maps,All,프레야,DAMAGE,7.1,44.7
2026-01-29,quickplay,Americas,all-maps,All,한조,DAMAGE,10.7,49.4
2026-01-29,quickplay,Americas,all-maps,All,해저드,TANK,3.3,48.8
2026-01-29,quickplay,Americas,throne-of-anubis,All,D.Va,TANK,10.3,48.9
2026-01-29,quickplay,Americas,throne-of-anubis,All,겐지,DAMAGE,12.3,50.0
2026-01-29,quickplay,Americas,throne-of-anubis,All,둠피스트,TANK,11.3,50.5
2026-01-29,quickplay,Americas,throne-of-anubis,All,라마트라,TANK,8.9,48.9
2026-01-29,quickplay,Americas,throne-of-anubis,All,라이프위버,SUPPORT,11.7,47.5
2026-01-29,quickplay,Americas,throne-of-anubis,All,라인하르트,TANK,15.0,52.9
2026-01-29,quickplay,Americas,throne-of-anubis,All,레킹볼,TANK,3.6,54.9
2026-01-29,quickplay,Americas,throne-of-anubis,All,로드호그,TANK,7.0,44.3
2026-01-29,quickplay,Americas,throne-of-anubis,All,루시우,SUPPORT,11.6,53.3
2026-01-29,quickplay,Americas,throne-of-anubis,All,리퍼,DAMAGE,13.4,54.1
2026-01-29,quickplay,Americas,throne-of-anubis,All,마우가,TANK,5.5,51.9
2026-01-29,quickplay,Americas,throne-of-anubis,All,메르시,SUPPORT,28.7,49.6
2026-01-29,quickplay,Americas,throne-of-anubis,All,메이,DAMAGE,8.4,53.0
2026-01-29,quickplay,Americas,throne-of-anubis,All,모이라,SUPPORT,26.8,49.7
2026-01-29,quickplay,Americas,throne-of-anubis,All,바스티온,DAMAGE,15.9,49.2
2026-01-29,quickplay,Americas,throne-of-anubis,All,바티스트,SUPPORT,8.1,46.7
2026-01-29,quickplay,Americas,throne-of-anubis,All,벤데타,DAMAGE,17.8,54.5
2026-01-29,quickplay,Americas,throne-of-anubis,All,벤처,DAMAGE,5.4,51.1
2026-01-29,quickplay,Americas,throne-of-anubis,All,브리기테,SUPPORT,10.2,54.7
2026-01-29,quickplay,Americas,throne-of-anubis,All,소전,DAMAGE,10.6,44.6
2026-01-29,quickplay,Americas,throne-of-anubis,All,솔저: 76,DAMAGE,14.3,48.1
2026-01-29,quickplay,Americas,throne-of-anubis,All,솜브라,DAMAGE,7.6,48.5
2026-01-29,quickplay,Americas,throne-of-anubis,All,시그마,TANK,7.5,50.0
2026-01-29,quickplay,Americas,throne-of-anubis,All,시메트라,DAMAGE,4.7,57.6
2026-01-29,quickplay,Americas,throne-of-anubis,All,아나,SUPPORT,25.8,47.0
2026-01-29,quickplay,Americas,throne-of-anubis,All,애쉬,DAMAGE,12.6,50.7
2026-01-29,quickplay,Americas,throne-of-anubis,All,에코,DAMAGE,7.2,49.9
2026-01-29,quickplay,Americas,throne-of-anubis,All,오리사,TANK,10.2,45.3
2026-01-29,quickplay,Americas,throne-of-anubis,All,우양,SUPPORT,10.9,51.4
2026-01-29,quickplay,Americas,throne-of-anubis,All,위도우메이커,DAMAGE,4.4,42.8
2026-01-29,quickplay,Americas,throne-of-anubis,All,윈스턴,TANK,3.1,50.9
2026-01-29,quickplay,Americas,throne-of-anubis,All,일리아리,SUPPORT,10.1,54.3
2026-01-29,quickplay,Americas,throne-of-anubis,All,자리야,TANK,5.6,49.2
2026-01-29,quickplay,Americas,throne-of-anubis,All,정커퀸,TANK,8.2,55.1
2026-01-29,quickplay,Americas,throne-of-anubis,All,정크랫,DAMAGE,15.2,52.5
2026-01-29,quickplay,Americas,throne-of-anubis,All,젠야타,SUPPORT,13.4,55.0
2026-01-29,quickplay,Americas,throne-of-anubis,All,주노,SUPPORT,21.8,50.2
2026-01-29,quickplay,Americas,throne-of-anubis,All,캐서디,DAMAGE,19.0,47.0
2026-01-29,quickplay,Americas,throne-of-anubis,All,키리코,SUPPORT,21.0,45.7
2026-01-29,quickplay,Americas,throne-of-anubis,All,토르비욘,DAMAGE,5.1,56.6
2026-01-29,quickplay,Americas,throne-of-anubis,All,트레이서,DAMAGE,5.0,46.9
2026-01-29,quickplay,Americas,throne-of-anubis,All,파라,DAMAGE,5.0,51.1
2026-01-29,quickplay,Americas,throne-of-anubis,All,프레야,DAMAGE,6.5,42.6
2026-01-29,quickplay,Americas,throne-of-anubis,All,한조,DAMAGE,9.6,47.5
2026-01-29,quickplay,Americas,throne-of-anubis,All,해저드,TANK,3.9,48.6
2026-01-29,quickplay,Americas,hanaoka,All,D.Va,TANK,11.4,48.0
2026-01-29,quickplay,Americas,hanaoka,All,겐지,DAMAGE,12.6,48.7
2026-01-29,quickplay,Americas,hanaoka,All,둠피스트,TANK,10.4,51.4
2026-01-29,quickplay,Americas,hanaoka,All,라마트라,TANK,9.0,49.7
2026-01-29,quickplay,Americas,hanaoka,All,라이프위버,SUPPORT,11.7,48.3
2026-01-29,quickplay,Americas,hanaoka,All,라인하르트,TANK,13.9,53.5
2026-01-29,quickplay,Americas,hanaoka,All,레킹볼,TANK,3.3,52.0
2026-01-29,quickplay,Americas,hanaoka,All,로드호그,TANK,6.9,44.0
2026-01-29,quickplay,Americas,hanaoka,All,루시우,SUPPORT,11.1,53.2
2026-01-29,quickplay,Americas,hanaoka,All,리퍼,DAMAGE,12.5,53.4
2026-01-29,quickplay,Americas,hanaoka,All,마우가,TANK,5.7,51.7
2026-01-29,quickplay,Americas,hanaoka,All,메르시,SUPPORT,28.4,48.5
2026-01-29,quickplay,Americas,hanaoka,All,메이,DAMAGE,8.4,52.1
2026-01-29,quickplay,Americas,hanaoka,All,모이라,SUPPORT,28.0,50.3
2026-01-29,quickplay,Americas,hanaoka,All,바스티온,DAMAGE,16.4,49.1
2026-01-29,quickplay,Americas,hanaoka,All,바티스트,SUPPORT,7.7,46.1
2026-01-29,quickplay,Americas,hanaoka,All,벤데타,DAMAGE,17.5,55.0
2026-01-29,quickplay,Americas,hanaoka,All,벤처,DAMAGE,5.0,53.2
2026-01-29,quickplay,Americas,hanaoka,All,브리기테,SUPPORT,9.9,55.2
2026-01-29,quickplay,Americas,hanaoka,All,소전,DAMAGE,10.9,44.7
2026-01-29,quickplay,Americas,hanaoka,All,솔저: 76,DAMAGE,15.7,49.5
2026-01-29,quickplay,Americas,hanaoka,All,솜브라,DAMAGE,7.8,48.9
2026-01-29,quickplay,Americas,hanaoka,All,시그마,TANK,7.8,50.0
2026-01-29,quickplay,Americas,hanaoka,All,시메트라,DAMAGE,4.4,56.3
2026-01-29,quickplay,Americas,hanaoka,All,아나,SUPPORT,24.7,47.8
2026-01-29,quickplay,Americas,hanaoka,All,애쉬,DAMAGE,13.0,51.3
2026-01-29,quickplay,Americas,hanaoka,All,에코,DAMAGE,6.7,48.1
2026-01-29,quickplay,Americas,hanaoka,All,오리사,TANK,10.7,45.5
2026-01-29,quickplay,Americas,hanaoka,All,우양,SUPPORT,11.1,50.5
2026-01-29,quickplay,Americas,hanaoka,All,위도우메이커,DAMAGE,4.3,41.1
2026-01-29,quickplay,Americas,hanaoka,All,윈스턴,TANK,3.4,50.3
2026-01-29,quickplay,Americas,hanaoka,All,일리아리,SUPPORT,9.4,54.2
2026-01-29,quickplay,Americas,hanaoka,All,자리야,TANK,5.6,49.6
2026-01-29,quickplay,Americas,hanaoka,All,정커퀸,TANK,8.0,55.6
2026-01-29,quickplay,Americas,hanaoka,All,정크랫,DAMAGE,13.9,51.5
2026-01-29,quickplay,Americas,hanaoka,All,젠야타,SUPPORT,13.7,55.0
2026-01-29,quickplay,Americas,hanaoka,All,주노,SUPPORT,22.3,49.8
2026-01-29,quickplay,Americas,hanaoka,All,캐서디,DAMAGE,19.5,48.9
2026-01-29,quickplay,Americas,hanaoka,All,키리코,SUPPORT,22.1,46.2
2026-01-29,quickplay,Americas,hanaoka,All,토르비욘,DAMAGE,5.0,57.0
2026-01-29,quickplay,Americas,hanaoka,All,트레이서,DAMAGE,5.4,46.8
2026-01-29,quickplay,Americas,hanaoka,All,파라,DAMAGE,4.3,48.5
2026-01-29,quickplay,Americas,hanaoka,All,프레야,DAMAGE,6.6,43.7
2026-01-29,quickplay,Americas,hanaoka,All,한조,DAMAGE,10.1,48.1
2026-01-29,quickplay,Americas,hanaoka,All,해저드,TANK,3.7,48.3
2026-01-29,quickplay,Americas,nepal,All,D.Va,TANK,9.9,46.9
2026-01-29,quickplay,Americas,nepal,All,겐지,DAMAGE,11.7,49.2
2026-01-29,quickplay,Americas,nepal,All,둠피스트,TANK,11.0,49.6
2026-01-29,quickplay,Americas,nepal,All,라마트라,TANK,8.6,50.9
2026-01-29,quickplay,Americas,nepal,All,라이프위버,SUPPORT,13.0,46.1
2026-01-29,quickplay,Americas,nepal,All,라인하르트,TANK,13.6,55.1
2026-01-29,quickplay,Americas,nepal,All,레킹볼,TANK,3.4,46.2
2026-01-29,quickplay,Americas,nepal,All,로드호그,TANK,9.5,46.6
2026-01-29,quickplay,Americas,nepal,All,루시우,SUPPORT,15.1,54.7
2026-01-29,quickplay,Americas,nepal,All,리퍼,DAMAGE,11.9,53.6
2026-01-29,quickplay,Americas,nepal,All,마우가,TANK,5.2,50.9
2026-01-29,quickplay,Americas,nepal,All,메르시,SUPPORT,28.1,49.1
2026-01-29,quickplay,Americas,nepal,All,메이,DAMAGE,8.7,52.2
2026-01-29,quickplay,Americas,nepal,All,모이라,SUPPORT,26.3,50.6
2026-01-29,quickplay,Americas,nepal,All,바스티온,DAMAGE,16.4,50.3
2026-01-29,quickplay,Americas,nepal,All,바티스트,SUPPORT,7.8,46.5
2026-01-29,quickplay,Americas,nepal,All,벤데타,DAMAGE,16.2,54.2
2026-01-29,quickplay,Americas,nepal,All,벤처,DAMAGE,5.3,51.8
2026-01-29,quickplay,Americas,nepal,All,브리기테,SUPPORT,9.0,53.7
2026-01-29,quickplay,Americas,nepal,All,소전,DAMAGE,11.1,45.5
2026-01-29,quickplay,Americas,nepal,All,솔저: 76,DAMAGE,15.5,48.7
2026-01-29,quickplay,Americas,nepal,All,솜브라,DAMAGE,7.7,47.0
2026-01-29,quickplay,Americas,nepal,All,시그마,TANK,7.9,52.3
2026-01-29,quickplay,Americas,nepal,All,시메트라,DAMAGE,5.6,58.8
2026-01-29,quickplay,Americas,nepal,All,아나,SUPPORT,26.4,47.6
2026-01-29,quickplay,Americas,nepal,All,애쉬,DAMAGE,13.7,48.5
2026-01-29,quickplay,Americas,nepal,All,에코,DAMAGE,7.2,49.3
2026-01-29,quickplay,Americas,nepal,All,오리사,TANK,11.4,47.2
2026-01-29,quickplay,Americas,nepal,All,우양,SUPPORT,10.1,50.8
2026-01-29,quickplay,Americas,nepal,All,위도우메이커,DAMAGE,4.2,41.4
2026-01-29,quickplay,Americas,nepal,All,윈스턴,TANK,3.4,49.5
2026-01-29,quickplay,Americas,nepal,All,일리아리,SUPPORT,9.6,53.8
2026-01-29,quickplay,Americas,nepal,All,자리야,TANK,5.7,48.3
2026-01-29,quickplay,Americas,nepal,All,정커퀸,TANK,6.9,54.0
2026-01-29,quickplay,Americas,nepal,All,정크랫,DAMAGE,15.0,53.0
2026-01-29,quickplay,Americas,nepal,All,젠야타,SUPPORT,13.4,54.4
2026-01-29,quickplay,Americas,nepal,All,주노,SUPPORT,20.1,49.9
2026-01-29,quickplay,Americas,nepal,All,캐서디,DAMAGE,18.4,46.8
2026-01-29,quickplay,Americas,nepal,All,키리코,SUPPORT,21.0,46.4
2026-01-29,quickplay,Americas,nepal,All,토르비욘,DAMAGE,5.2,56.2
2026-01-29,quickplay,Americas,nepal,All,트레이서,DAMAGE,4.6,45.4
2026-01-29,quickplay,Americas,nepal,All,파라,DAMAGE,5.9,52.4
2026-01-29,quickplay,Americas,nepal,All,프레야,DAMAGE,6.4,44.4
2026-01-29,quickplay,Americas,nepal,All,한조,DAMAGE,9.4,49.1
2026-01-29,quickplay,Americas,nepal,All,해저드,TANK,3.4,49.9
2026-01-29,quickplay,Americas,lijiang-tower,All,D.Va,TANK,10.1,47.4
2026-01-29,quickplay,Americas,lijiang-tower,All,겐지,DAMAGE,12.0,50.2
2026-01-29,quickplay,Americas,lijiang-tower,All,둠피스트,TANK,12.9,50.0
2026-01-29,quickplay,Americas,lijiang-tower,All,라마트라,TANK,8.1,50.2
2026-01-29,quickplay,Americas,lijiang-tower,All,라이프위버,SUPPORT,12.8,46.1
2026-01-29,quickplay,Americas,lijiang-tower,All,라인하르트,TANK,13.4,55.4
2026-01-29,quickplay,Americas,lijiang-tower,All,레킹볼,TANK,4.3,47.5
2026-01-29,quickplay,Americas,lijiang-tower,All,로드호그,TANK,8.2,46.3
2026-01-29,quickplay,Americas,lijiang-tower,All,루시우,SUPPORT,19.0,56.2
2026-01-29,quickplay,Americas,lijiang-tower,All,리퍼,DAMAGE,11.5,53.4
2026-01-29,quickplay,Americas,lijiang-tower,All,마우가,TANK,5.0,49.6
2026-01-29,quickplay,Americas,lijiang-tower,All,메르시,SUPPORT,27.9,49.3
2026-01-29,quickplay,Americas,lijiang-tower,All,메이,DAMAGE,8.0,51.2
2026-01-29,quickplay,Americas,lijiang-tower,All,모이라,SUPPORT,25.3,50.2
2026-01-29,quickplay,Americas,lijiang-tower,All,바스티온,DAMAGE,16.2,49.2
2026-01-29,quickplay,Americas,lijiang-tower,All,바티스트,SUPPORT,7.6,46.4
2026-01-29,quickplay,Americas,lijiang-tower,All,벤데타,DAMAGE,15.8,54.7
2026-01-29,quickplay,Americas,lijiang-tower,All,벤처,DAMAGE,5.6,52.4
2026-01-29,quickplay,Americas,lijiang-tower,All,브리기테,SUPPORT,8.8,53.8
2026-01-29,quickplay,Americas,lijiang-tower,All,소전,DAMAGE,10.8,45.7
2026-01-29,quickplay,Americas,lijiang-tower,All,솔저: 76,DAMAGE,14.9,47.7
2026-01-29,quickplay,Americas,lijiang-tower,All,솜브라,DAMAGE,7.4,46.8
2026-01-29,quickplay,Americas,lijiang-tower,All,시그마,TANK,7.5,52.2
2026-01-29,quickplay,Americas,lijiang-tower,All,시메트라,DAMAGE,6.2,59.5
2026-01-29,quickplay,Americas,lijiang-tower,All,아나,SUPPORT,26.1,46.2
2026-01-29,quickplay,Americas,lijiang-tower,All,애쉬,DAMAGE,12.7,47.8
2026-01-29,quickplay,Americas,lijiang-tower,All,에코,DAMAGE,7.5,48.5
2026-01-29,quickplay,Americas,lijiang-tower,All,오리사,TANK,11.5,47.1
2026-01-29,quickplay,Americas,lijiang-tower,All,우양,SUPPORT,9.9,50.3
2026-01-29,quickplay,Americas,lijiang-tower,All,위도우메이커,DAMAGE,4.2,41.4
2026-01-29,quickplay,Americas,lijiang-tower,All,윈스턴,TANK,3.2,49.0
2026-01-29,quickplay,Americas,lijiang-tower,All,일리아리,SUPPORT,9.3,54.7
2026-01-29,quickplay,Americas,lijiang-tower,All,자리야,TANK,5.9,49.0
2026-01-29,quickplay,Americas,lijiang-tower,All,정커퀸,TANK,6.4,54.1
2026-01-29,quickplay,Americas,lijiang-tower,All,정크랫,DAMAGE,14.5,51.9
2026-01-29,quickplay,Americas,lijiang-tower,All,젠야타,SUPPORT,12.5,53.4
2026-01-29,quickplay,Americas,lijiang-tower,All,주노,SUPPORT,20.4,50.6
2026-01-29,quickplay,Americas,lijiang-tower,All,캐서디,DAMAGE,18.7,47.0
2026-01-29,quickplay,Americas,lijiang-tower,All,키리코,SUPPORT,20.6,46.3
2026-01-29,quickplay,Americas,lijiang-tower,All,토르비욘,DAMAGE,4.8,56.1
2026-01-29,quickplay,Americas,lijiang-tower,All,트레이서,DAMAGE,4.8,45.7
2026-01-29,quickplay,Americas,lijiang-tower,All,파라,DAMAGE,8.5,56.0
2026-01-29,quickplay,Americas,lijiang-tower,All,프레야,DAMAGE,6.5,44.2
2026-01-29,quickplay,Americas,lijiang-tower,All,한조,DAMAGE,9.5,49.7
2026-01-29,quickplay,Americas,lijiang-tower,All,해저드,TANK,3.3,50.2
2026-01-29,quickplay,Americas,busan,All,D.Va,TANK,12.4,49.3
2026-01-29,quickplay,Americas,busan,All,겐지,DAMAGE,11.0,49.3
2026-01-29,quickplay,Americas,busan,All,둠피스트,TANK,9.5,46.9
2026-01-29,quickplay,Americas,busan,All,라마트라,TANK,9.3,51.5
2026-01-29,quickplay,Americas,busan,All,라이프위버,SUPPORT,13.3,47.8
2026-01-29,quickplay,Americas,busan,All,라인하르트,TANK,13.0,54.3
2026-01-29,quickplay,Americas,busan,All,레킹볼,TANK,3.6,46.9
2026-01-29,quickplay,Americas,busan,All,로드호그,TANK,6.8,45.6
2026-01-29,quickplay,Americas,busan,All,루시우,SUPPORT,10.8,52.0
2026-01-29,quickplay,Americas,busan,All,리퍼,DAMAGE,11.1,51.9
2026-01-29,quickplay,Americas,busan,All,마우가,TANK,5.7,52.0
2026-01-29,quickplay,Americas,busan,All,메르시,SUPPORT,29.9,49.4
2026-01-29,quickplay,Americas,busan,All,메이,DAMAGE,8.1,52.5
2026-01-29,quickplay,Americas,busan,All,모이라,SUPPORT,26.8,50.0
2026-01-29,quickplay,Americas,busan,All,바스티온,DAMAGE,17.0,50.4
2026-01-29,quickplay,Americas,busan,All,바티스트,SUPPORT,8.4,47.8
2026-01-29,quickplay,Americas,busan,All,벤데타,DAMAGE,15.5,54.1
2026-01-29,quickplay,Americas,busan,All,벤처,DAMAGE,4.4,51.3
2026-01-29,quickplay,Americas,busan,All,브리기테,SUPPORT,7.8,53.6
2026-01-29,quickplay,Americas,busan,All,소전,DAMAGE,11.1,46.6
2026-01-29,quickplay,Americas,busan,All,솔저: 76,DAMAGE,17.3,50.7
2026-01-29,quickplay,Americas,busan,All,솜브라,DAMAGE,8.5,47.5
2026-01-29,quickplay,Americas,busan,All,시그마,TANK,8.5,51.5
2026-01-29,quickplay,Americas,busan,All,시메트라,DAMAGE,4.0,55.7
2026-01-29,quickplay,Americas,busan,All,아나,SUPPORT,26.5,46.8
2026-01-29,quickplay,Americas,busan,All,애쉬,DAMAGE,15.6,51.0
2026-01-29,quickplay,Americas,busan,All,에코,DAMAGE,7.1,49.2
2026-01-29,quickplay,Americas,busan,All,오리사,TANK,11.1,46.0
2026-01-29,quickplay,Americas,busan,All,우양,SUPPORT,10.1,51.4
2026-01-29,quickplay,Americas,busan,All,위도우메이커,DAMAGE,8.3,45.5
2026-01-29,quickplay,Americas,busan,All,윈스턴,TANK,4.1,50.1
2026-01-29,quickplay,Americas,busan,All,일리아리,SUPPORT,9.1,54.5
2026-01-29,quickplay,Americas,busan,All,자리야,TANK,5.7,50.2
2026-01-29,quickplay,Americas,busan,All,정커퀸,TANK,6.8,55.0
2026-01-29,quickplay,Americas,busan,All,정크랫,DAMAGE,11.7,48.5
2026-01-29,quickplay,Americas,busan,All,젠야타,SUPPORT,13.6,54.7
2026-01-29,quickplay,Americas,busan,All,주노,SUPPORT,21.9,51.1
2026-01-29,quickplay,Americas,busan,All,캐서디,DAMAGE,18.1,48.9
2026-01-29,quickplay,Americas,busan,All,키리코,SUPPORT,21.9,46.8
2026-01-29,quickplay,Americas,busan,All,토르비욘,DAMAGE,5.3,56.9
2026-01-29,quickplay,Americas,busan,All,트레이서,DAMAGE,4.7,46.4
2026-01-29,quickplay,Americas,busan,All,파라,DAMAGE,4.6,51.0
2026-01-29,quickplay,Americas,busan,All,프레야,DAMAGE,6.8,45.9
2026-01-29,quickplay,Americas,busan,All,한조,DAMAGE,9.5,48.0
2026-01-29,quickplay,Americas,busan,All,해저드,TANK,3.3,48.9
2026-01-29,quickplay,Americas,samoa,All,D.Va,TANK,10.5,47.1
2026-01-29,quickplay,Americas,samoa,All,겐지,DAMAGE,11.2,48.7
2026-01-29,quickplay,Americas,samoa,All,둠피스트,TANK,9.6,48.6
2026-01-29,quickplay,Americas,samoa,All,라마트라,TANK,9.4,51.6
2026-01-29,quickplay,Americas,samoa,All,라이프위버,SUPPORT,12.7,47.1
2026-01-29,quickplay,Americas,samoa,All,라인하르트,TANK,13.0,53.8
2026-01-29,quickplay,Americas,samoa,All,레킹볼,TANK,3.2,45.6
2026-01-29,quickplay,Americas,samoa,All,로드호그,TANK,7.1,45.7
2026-01-29,quickplay,Americas,samoa,All,루시우,SUPPORT,10.4,53.0
2026-01-29,quickplay,Americas,samoa,All,리퍼,DAMAGE,11.9,54.1
2026-01-29,quickplay,Americas,samoa,All,마우가,TANK,7.5,52.2
2026-01-29,quickplay,Americas,samoa,All,메르시,SUPPORT,29.2,49.7
2026-01-29,quickplay,Americas,samoa,All,메이,DAMAGE,8.2,52.7
2026-01-29,quickplay,Americas,samoa,All,모이라,SUPPORT,26.2,50.4
2026-01-29,quickplay,Americas,samoa,All,바스티온,DAMAGE,17.5,50.9
2026-01-29,quickplay,Americas,samoa,All,바티스트,SUPPORT,8.5,47.6
2026-01-29,quickplay,Americas,samoa,All,벤데타,DAMAGE,15.8,54.1
2026-01-29,quickplay,Americas,samoa,All,벤처,DAMAGE,4.8,52.8
2026-01-29,quickplay,Americas,samoa,All,브리기테,SUPPORT,8.6,53.4
2026-01-29,quickplay,Americas,samoa,All,소전,DAMAGE,11.4,45.8
2026-01-29,quickplay,Americas,samoa,All,솔저: 76,DAMAGE,16.4,49.5
2026-01-29,quickplay,Americas,samoa,All,솜브라,DAMAGE,8.4,47.6
2026-01-29,quickplay,Americas,samoa,All,시그마,TANK,8.6,52.5
2026-01-29,quickplay,Americas,samoa,All,시메트라,DAMAGE,4.3,57.0
2026-01-29,quickplay,Americas,samoa,All,아나,SUPPORT,27.4,46.8
2026-01-29,quickplay,Americas,samoa,All,애쉬,DAMAGE,14.3,49.1
2026-01-29,quickplay,Americas,samoa,All,에코,DAMAGE,7.1,49.3
2026-01-29,quickplay,Americas,samoa,All,오리사,TANK,10.9,46.1
2026-01-29,quickplay,Americas,samoa,All,우양,SUPPORT,10.7,50.8
2026-01-29,quickplay,Americas,samoa,All,위도우메이커,DAMAGE,4.9,42.4
2026-01-29,quickplay,Americas,samoa,All,윈스턴,TANK,3.4,49.2
2026-01-29,quickplay,Americas,samoa,All,일리아리,SUPPORT,9.8,54.8
2026-01-29,quickplay,Americas,samoa,All,자리야,TANK,6.1,49.8
2026-01-29,quickplay,Americas,samoa,All,정커퀸,TANK,7.4,55.4
2026-01-29,quickplay,Americas,samoa,All,정크랫,DAMAGE,13.0,50.9
2026-01-29,quickplay,Americas,samoa,All,젠야타,SUPPORT,13.6,55.0
2026-01-29,quickplay,Americas,samoa,All,주노,SUPPORT,21.4,50.5
2026-01-29,quickplay,Americas,samoa,All,캐서디,DAMAGE,19.2,48.4
2026-01-29,quickplay,Americas,samoa,All,키리코,SUPPORT,21.3,46.4
2026-01-29,quickplay,Americas,samoa,All,토르비욘,DAMAGE,5.4,56.3
2026-01-29,quickplay,Americas,samoa,All,트레이서,DAMAGE,5.2,47.2
2026-01-29,quickplay,Americas,samoa,All,파라,DAMAGE,5.0,50.7
2026-01-29,quickplay,Americas,samoa,All,프레야,DAMAGE,6.7,44.5
2026-01-29,quickplay,Americas,samoa,All,한조,DAMAGE,9.4,47.7
2026-01-29,quickplay,Americas,samoa,All,해저드,TANK,3.4,48.7
2026-01-29,quickplay,Americas,oasis,All,D.Va,TANK,10.5,48.2
2026-01-29,quickplay,Americas,oasis,All,겐지,DAMAGE,11.9,49.9
2026-01-29,quickplay,Americas,oasis,All,둠피스트,TANK,10.6,48.6
2026-01-29,quickplay,Americas,oasis,All,라마트라,TANK,9.0,50.9
2026-01-29,quickplay,Americas,oasis,All,라이프위버,SUPPORT,12.7,47.1
2026-01-29,quickplay,Americas,oasis,All,라인하르트,TANK,13.5,52.9
2026-01-29,quickplay,Americas,oasis,All,레킹볼,TANK,3.7,45.9
2026-01-29,quickplay,Americas,oasis,All,로드호그,TANK,7.4,47.2
2026-01-29,quickplay,Americas,oasis,All,루시우,SUPPORT,10.9,51.4
2026-01-29,quickplay,Americas,oasis,All,리퍼,DAMAGE,11.8,52.7
2026-01-29,quickplay,Americas,oasis,All,마우가,TANK,5.6,50.3
2026-01-29,quickplay,Americas,oasis,All,메르시,SUPPORT,29.8,50.6
2026-01-29,quickplay,Americas,oasis,All,메이,DAMAGE,8.4,52.3
2026-01-29,quickplay,Americas,oasis,All,모이라,SUPPORT,26.8,50.7
2026-01-29,quickplay,Americas,oasis,All,바스티온,DAMAGE,16.6,50.9
2026-01-29,quickplay,Americas,oasis,All,바티스트,SUPPORT,8.5,47.7
2026-01-29,quickplay,Americas,oasis,All,벤데타,DAMAGE,16.2,54.0
2026-01-29,quickplay,Americas,oasis,All,벤처,DAMAGE,4.7,51.0
2026-01-29,quickplay,Americas,oasis,All,브리기테,SUPPORT,8.6,53.1
2026-01-29,quickplay,Americas,oasis,All,소전,DAMAGE,11.2,45.5
2026-01-29,quickplay,Americas,oasis,All,솔저: 76,DAMAGE,16.4,49.9
2026-01-29,quickplay,Americas,oasis,All,솜브라,DAMAGE,8.2,47.9
2026-01-29,quickplay,Americas,oasis,All,시그마,TANK,8.2,52.8
2026-01-29,quickplay,Americas,oasis,All,시메트라,DAMAGE,4.5,55.4
2026-01-29,quickplay,Americas,oasis,All,아나,SUPPORT,26.8,47.2
2026-01-29,quickplay,Americas,oasis,All,애쉬,DAMAGE,13.2,48.8
2026-01-29,quickplay,Americas,oasis,All,에코,DAMAGE,7.3,49.0
2026-01-29,quickplay,Americas,oasis,All,오리사,TANK,10.7,46.1
2026-01-29,quickplay,Americas,oasis,All,우양,SUPPORT,10.2,51.0
2026-01-29,quickplay,Americas,oasis,All,위도우메이커,DAMAGE,4.0,42.1
2026-01-29,quickplay,Americas,oasis,All,윈스턴,TANK,3.7,50.2
2026-01-29,quickplay,Americas,oasis,All,일리아리,SUPPORT,9.7,54.9
2026-01-29,quickplay,Americas,oasis,All,자리야,TANK,6.2,50.0
2026-01-29,quickplay,Americas,oasis,All,정커퀸,TANK,7.4,55.8
2026-01-29,quickplay,Americas,oasis,All,정크랫,DAMAGE,13.1,50.9
2026-01-29,quickplay,Americas,oasis,All,젠야타,SUPPORT,13.4,54.0
2026-01-29,quickplay,Americas,oasis,All,주노,SUPPORT,21.1,50.2
2026-01-29,quickplay,Americas,oasis,All,캐서디,DAMAGE,20.4,48.4
2026-01-29,quickplay,Americas,oasis,All,키리코,SUPPORT,21.5,46.5
2026-01-29,quickplay,Americas,oasis,All,토르비욘,DAMAGE,5.2,55.6
2026-01-29,quickplay,Americas,oasis,All,트레이서,DAMAGE,5.3,47.2
2026-01-29,quickplay,Americas,oasis,All,파라,DAMAGE,5.4,52.1
2026-01-29,quickplay,Americas,oasis,All,프레야,DAMAGE,6.7,45.4
2026-01-29,quickplay,Americas,oasis,All,한조,DAMAGE,9.4,49.5
2026-01-29,quickplay,Americas,oasis,All,해저드,TANK,3.5,49.4
2026-01-29,quickplay,Americas,ilios,All,D.Va,TANK,10.8,48.9
2026-01-29,quickplay,Americas,ilios,All,겐지,DAMAGE,11.4,50.1
2026-01-29,quickplay,Americas,ilios,All,둠피스트,TANK,10.6,48.9
2026-01-29,quickplay,Americas,ilios,All,라마트라,TANK,7.1,49.4
2026-01-29,quickplay,Americas,ilios,All,라이프위버,SUPPORT,15.5,46.1
2026-01-29,quickplay,Americas,ilios,All,라인하르트,TANK,10.7,54.1
2026-01-29,quickplay,Americas,ilios,All,레킹볼,TANK,3.5,47.1
2026-01-29,quickplay,Americas,ilios,All,로드호그,TANK,15.4,49.2
2026-01-29,quickplay,Americas,ilios,All,루시우,SUPPORT,24.9,57.4
2026-01-29,quickplay,Americas,ilios,All,리퍼,DAMAGE,12.0,53.4
2026-01-29,quickplay,Americas,ilios,All,마우가,TANK,4.8,50.0
2026-01-29,quickplay,Americas,ilios,All,메르시,SUPPORT,28.1,49.9
2026-01-29,quickplay,Americas,ilios,All,메이,DAMAGE,7.5,50.9
2026-01-29,quickplay,Americas,ilios,All,모이라,SUPPORT,24.4,48.9
2026-01-29,quickplay,Americas,ilios,All,바스티온,DAMAGE,15.4,49.3
2026-01-29,quickplay,Americas,ilios,All,바티스트,SUPPORT,7.2,45.7
2026-01-29,quickplay,Americas,ilios,All,벤데타,DAMAGE,16.1,54.7
2026-01-29,quickplay,Americas,ilios,All,벤처,DAMAGE,6.1,51.9
2026-01-29,quickplay,Americas,ilios,All,브리기테,SUPPORT,9.1,53.6
2026-01-29,quickplay,Americas,ilios,All,소전,DAMAGE,9.9,45.2
2026-01-29,quickplay,Americas,ilios,All,솔저: 76,DAMAGE,14.9,48.1
2026-01-29,quickplay,Americas,ilios,All,솜브라,DAMAGE,7.8,47.3
2026-01-29,quickplay,Americas,ilios,All,시그마,TANK,6.8,51.3
2026-01-29,quickplay,Americas,ilios,All,시메트라,DAMAGE,4.8,56.3
2026-01-29,quickplay,Americas,ilios,All,아나,SUPPORT,22.7,45.9
2026-01-29,quickplay,Americas,ilios,All,애쉬,DAMAGE,13.3,48.1
2026-01-29,quickplay,Americas,ilios,All,에코,DAMAGE,8.4,51.1
2026-01-29,quickplay,Americas,ilios,All,오리사,TANK,12.4,47.9
2026-01-29,quickplay,Americas,ilios,All,우양,SUPPORT,8.9,49.9
2026-01-29,quickplay,Americas,ilios,All,위도우메이커,DAMAGE,5.6,43.6
2026-01-29,quickplay,Americas,ilios,All,윈스턴,TANK,3.7,50.2
2026-01-29,quickplay,Americas,ilios,All,일리아리,SUPPORT,8.8,53.9
2026-01-29,quickplay,Americas,ilios,All,자리야,TANK,4.6,47.8
2026-01-29,quickplay,Americas,ilios,All,정커퀸,TANK,6.3,54.2
2026-01-29,quickplay,Americas,ilios,All,정크랫,DAMAGE,14.3,52.5
2026-01-29,quickplay,Americas,ilios,All,젠야타,SUPPORT,11.7,53.3
2026-01-29,quickplay,Americas,ilios,All,주노,SUPPORT,19.8,50.4
2026-01-29,quickplay,Americas,ilios,All,캐서디,DAMAGE,17.8,46.7
2026-01-29,quickplay,Americas,ilios,All,키리코,SUPPORT,19.1,45.7
2026-01-29,quickplay,Americas,ilios,All,토르비욘,DAMAGE,4.9,55.0
2026-01-29,quickplay,Americas,ilios,All,트레이서,DAMAGE,4.7,46.8
2026-01-29,quickplay,Americas,ilios,All,파라,DAMAGE,9.8,55.7
2026-01-29,quickplay,Americas,ilios,All,프레야,DAMAGE,6.7,44.7
2026-01-29,quickplay,Americas,ilios,All,한조,DAMAGE,8.6,48.1
2026-01-29,quickplay,Americas,ilios,All,해저드,TANK,3.4,51.3
2026-01-29,quickplay,Americas,route-66,All,D.Va,TANK,11.7,47.9
2026-01-29,quickplay,Americas,route-66,All,겐지,DAMAGE,10.5,50.6
2026-01-29,quickplay,Americas,route-66,All,둠피스트,TANK,9.1,49.9
2026-01-29,quickplay,Americas,route-66,All,라마트라,TANK,9.8,50.4
2026-01-29,quickplay,Americas,route-66,All,라이프위버,SUPPORT,13.8,47.9
2026-01-29,quickplay,Americas,route-66,All,라인하르트,TANK,13.0,53.4
2026-01-29,quickplay,Americas,route-66,All,레킹볼,TANK,3.3,52.7
2026-01-29,quickplay,Americas,route-66,All,로드호그,TANK,6.9,44.2
2026-01-29,quickplay,Americas,route-66,All,루시우,SUPPORT,8.6,52.2
2026-01-29,quickplay,Americas,route-66,All,리퍼,DAMAGE,9.1,52.7
2026-01-29,quickplay,Americas,route-66,All,마우가,TANK,5.3,49.2
2026-01-29,quickplay,Americas,route-66,All,메르시,SUPPORT,31.7,49.8
2026-01-29,quickplay,Americas,route-66,All,메이,DAMAGE,7.3,55.2
2026-01-29,quickplay,Americas,route-66,All,모이라,SUPPORT,21.5,48.2
2026-01-29,quickplay,Americas,route-66,All,바스티온,DAMAGE,17.2,49.0
2026-01-29,quickplay,Americas,route-66,All,바티스트,SUPPORT,8.4,47.5
2026-01-29,quickplay,Americas,route-66,All,벤데타,DAMAGE,13.2,55.5
2026-01-29,quickplay,Americas,route-66,All,벤처,DAMAGE,3.6,53.7
2026-01-29,quickplay,Americas,route-66,All,브리기테,SUPPORT,5.9,53.6
2026-01-29,quickplay,Americas,route-66,All,소전,DAMAGE,11.0,44.9
2026-01-29,quickplay,Americas,route-66,All,솔저: 76,DAMAGE,16.3,49.2
2026-01-29,quickplay,Americas,route-66,All,솜브라,DAMAGE,7.1,47.2
2026-01-29,quickplay,Americas,route-66,All,시그마,TANK,11.8,54.4
2026-01-29,quickplay,Americas,route-66,All,시메트라,DAMAGE,3.2,52.1
2026-01-29,quickplay,Americas,route-66,All,아나,SUPPORT,32.2,48.4
2026-01-29,quickplay,Americas,route-66,All,애쉬,DAMAGE,20.6,51.6
2026-01-29,quickplay,Americas,route-66,All,에코,DAMAGE,7.0,50.5
2026-01-29,quickplay,Americas,route-66,All,오리사,TANK,11.1,46.4
2026-01-29,quickplay,Americas,route-66,All,우양,SUPPORT,10.3,51.1
2026-01-29,quickplay,Americas,route-66,All,위도우메이커,DAMAGE,11.4,45.6
2026-01-29,quickplay,Americas,route-66,All,윈스턴,TANK,3.9,49.7
2026-01-29,quickplay,Americas,route-66,All,일리아리,SUPPORT,11.3,54.4
2026-01-29,quickplay,Americas,route-66,All,자리야,TANK,5.0,47.0
2026-01-29,quickplay,Americas,route-66,All,정커퀸,TANK,5.9,53.9
2026-01-29,quickplay,Americas,route-66,All,정크랫,DAMAGE,12.8,52.3
2026-01-29,quickplay,Americas,route-66,All,젠야타,SUPPORT,14.4,56.4
2026-01-29,quickplay,Americas,route-66,All,주노,SUPPORT,21.2,50.3
2026-01-29,quickplay,Americas,route-66,All,캐서디,DAMAGE,16.9,47.3
2026-01-29,quickplay,Americas,route-66,All,키리코,SUPPORT,20.7,46.0
2026-01-29,quickplay,Americas,route-66,All,토르비욘,DAMAGE,5.6,55.1
2026-01-29,quickplay,Americas,route-66,All,트레이서,DAMAGE,3.4,46.1
2026-01-29,quickplay,Americas,route-66,All,파라,DAMAGE,4.8,50.5
2026-01-29,quickplay,Americas,route-66,All,프레야,DAMAGE,7.7,44.8
2026-01-29,quickplay,Americas,route-66,All,한조,DAMAGE,11.4,49.4
2026-01-29,quickplay,Americas,route-66,All,해저드,TANK,3.2,49.4
2026-01-29,quickplay,Americas,watchpoint-gibraltar,All,D.Va,TANK,13.5,48.1
2026-01-29,quickplay,Americas,watchpoint-gibraltar,All,겐지,DAMAGE,11.4,51.3
2026-01-29,quickplay,Americas,watchpoint-gibraltar,All,둠피스트,TANK,9.6,50.4
2026-01-29,quickplay,Americas,watchpoint-gibraltar,All,라마트라,TANK,8.8,50.7
2026-01-29,quickplay,Americas,watchpoint-gibraltar,All,라이프위버,SUPPORT,14.7,48.1
2026-01-29,quickplay,Americas,watchpoint-gibraltar,All,라인하르트,TANK,11.2,52.7
2026-01-29,quickplay,Americas,watchpoint-gibraltar,All,레킹볼,TANK,3.7,50.7
2026-01-29,quickplay,Americas,watchpoint-gibraltar,All,로드호그,TANK,6.5,43.5
2026-01-29,quickplay,Americas,watchpoint-gibraltar,All,루시우,SUPPORT,8.5,51.0
2026-01-29,quickplay,Americas,watchpoint-gibraltar,All,리퍼,DAMAGE,9.5,52.6
2026-01-29,quickplay,Americas,watchpoint-gibraltar,All,마우가,TANK,5.1,50.5
2026-01-29,quickplay,Americas,watchpoint-gibraltar,All,메르시,SUPPORT,31.9,49.5
2026-01-29,quickplay,Americas,watchpoint-gibraltar,All,메이,DAMAGE,6.8,53.3
2026-01-29,quickplay,Americas,watchpoint-gibraltar,All,모이라,SUPPORT,21.3,47.9
2026-01-29,quickplay,Americas,watchpoint-gibraltar,All,바스티온,DAMAGE,16.6,49.6
2026-01-29,quickplay,Americas,watchpoint-gibraltar,All,바티스트,SUPPORT,8.6,48.7
2026-01-29,quickplay,Americas,watchpoint-gibraltar,All,벤데타,DAMAGE,13.8,55.6
2026-01-29,quickplay,Americas,watchpoint-gibraltar,All,벤처,DAMAGE,3.5,50.8
2026-01-29,quickplay,Americas,watchpoint-gibraltar,All,브리기테,SUPPORT,5.9,53.1
2026-01-29,quickplay,Americas,watchpoint-gibraltar,All,소전,DAMAGE,10.4,43.6
2026-01-29,quickplay,Americas,watchpoint-gibraltar,All,솔저: 76,DAMAGE,16.6,48.8
2026-01-29,quickplay,Americas,watchpoint-gibraltar,All,솜브라,DAMAGE,7.5,46.6
2026-01-29,quickplay,Americas,watchpoint-gibraltar,All,시그마,TANK,10.6,54.5
2026-01-29,quickplay,Americas,watchpoint-gibraltar,All,시메트라,DAMAGE,3.3,52.6
2026-01-29,quickplay,Americas,watchpoint-gibraltar,All,아나,SUPPORT,31.5,48.1
2026-01-29,quickplay,Americas,watchpoint-gibraltar,All,애쉬,DAMAGE,20.2,52.9
2026-01-29,quickplay,Americas,watchpoint-gibraltar,All,에코,DAMAGE,7.8,50.5
2026-01-29,quickplay,Americas,watchpoint-gibraltar,All,오리사,TANK,10.4,45.2
2026-01-29,quickplay,Americas,watchpoint-gibraltar,All,우양,SUPPORT,9.9,51.2
2026-01-29,quickplay,Americas,watchpoint-gibraltar,All,위도우메이커,DAMAGE,12.4,46.7
2026-01-29,quickplay,Americas,watchpoint-gibraltar,All,윈스턴,TANK,7.3,53.3
2026-01-29,quickplay,Americas,watchpoint-gibraltar,All,일리아리,SUPPORT,11.1,54.6
2026-01-29,quickplay,Americas,watchpoint-gibraltar,All,자리야,TANK,4.5,47.5
2026-01-29,quickplay,Americas,watchpoint-gibraltar,All,정커퀸,TANK,5.1,53.6
2026-01-29,quickplay,Americas,watchpoint-gibraltar,All,정크랫,DAMAGE,12.1,52.0
2026-01-29,quickplay,Americas,watchpoint-gibraltar,All,젠야타,SUPPORT,13.7,56.7
2026-01-29,quickplay,Americas,watchpoint-gibraltar,All,주노,SUPPORT,21.5,50.4
2026-01-29,quickplay,Americas,watchpoint-gibraltar,All,캐서디,DAMAGE,15.7,47.2
2026-01-29,quickplay,Americas,watchpoint-gibraltar,All,키리코,SUPPORT,21.4,47.1
2026-01-29,quickplay,Americas,watchpoint-gibraltar,All,토르비욘,DAMAGE,5.5,56.1
2026-01-29,quickplay,Americas,watchpoint-gibraltar,All,트레이서,DAMAGE,3.5,44.7
2026-01-29,quickplay,Americas,watchpoint-gibraltar,All,파라,DAMAGE,4.9,50.9
2026-01-29,quickplay,Americas,watchpoint-gibraltar,All,프레야,DAMAGE,7.6,44.3
2026-01-29,quickplay,Americas,watchpoint-gibraltar,All,한조,DAMAGE,11.0,48.9
2026-01-29,quickplay,Americas,watchpoint-gibraltar,All,해저드,TANK,3.5,48.6
2026-01-29,quickplay,Americas,dorado,All,D.Va,TANK,12.2,47.8
2026-01-29,quickplay,Americas,dorado,All,겐지,DAMAGE,11.5,51.3
2026-01-29,quickplay,Americas,dorado,All,둠피스트,TANK,9.7,50.8
2026-01-29,quickplay,Americas,dorado,All,라마트라,TANK,9.2,49.5
2026-01-29,quickplay,Americas,dorado,All,라이프위버,SUPPORT,14.0,47.9
2026-01-29,quickplay,Americas,dorado,All,라인하르트,TANK,12.9,54.4
2026-01-29,quickplay,Americas,dorado,All,레킹볼,TANK,3.4,52.7
2026-01-29,quickplay,Americas,dorado,All,로드호그,TANK,6.8,43.2
2026-01-29,quickplay,Americas,dorado,All,루시우,SUPPORT,8.5,52.3
2026-01-29,quickplay,Americas,dorado,All,리퍼,DAMAGE,10.3,53.0
2026-01-29,quickplay,Americas,dorado,All,마우가,TANK,5.0,50.0
2026-01-29,quickplay,Americas,dorado,All,메르시,SUPPORT,31.8,50.3
2026-01-29,quickplay,Americas,dorado,All,메이,DAMAGE,7.4,53.8
2026-01-29,quickplay,Americas,dorado,All,모이라,SUPPORT,22.5,49.0
2026-01-29,quickplay,Americas,dorado,All,바스티온,DAMAGE,16.7,49.0
2026-01-29,quickplay,Americas,dorado,All,바티스트,SUPPORT,8.8,47.1
2026-01-29,quickplay,Americas,dorado,All,벤데타,DAMAGE,14.7,55.7
2026-01-29,quickplay,Americas,dorado,All,벤처,DAMAGE,3.9,52.6
2026-01-29,quickplay,Americas,dorado,All,브리기테,SUPPORT,6.7,53.6
2026-01-29,quickplay,Americas,dorado,All,소전,DAMAGE,10.5,43.8
2026-01-29,quickplay,Americas,dorado,All,솔저: 76,DAMAGE,15.8,48.3
2026-01-29,quickplay,Americas,dorado,All,솜브라,DAMAGE,7.4,47.6
2026-01-29,quickplay,Americas,dorado,All,시그마,TANK,10.7,52.9
2026-01-29,quickplay,Americas,dorado,All,시메트라,DAMAGE,3.9,53.3
2026-01-29,quickplay,Americas,dorado,All,아나,SUPPORT,30.1,47.8
2026-01-29,quickplay,Americas,dorado,All,애쉬,DAMAGE,18.1,51.9
2026-01-29,quickplay,Americas,dorado,All,에코,DAMAGE,8.0,50.8
2026-01-29,quickplay,Americas,dorado,All,오리사,TANK,10.5,45.6
2026-01-29,quickplay,Americas,dorado,All,우양,SUPPORT,10.3,51.6
2026-01-29,quickplay,Americas,dorado,All,위도우메이커,DAMAGE,8.4,45.6
2026-01-29,quickplay,Americas,dorado,All,윈스턴,TANK,5.0,51.7
2026-01-29,quickplay,Americas,dorado,All,일리아리,SUPPORT,11.5,54.4
2026-01-29,quickplay,Americas,dorado,All,자리야,TANK,4.9,47.4
2026-01-29,quickplay,Americas,dorado,All,정커퀸,TANK,5.9,54.9
2026-01-29,quickplay,Americas,dorado,All,정크랫,DAMAGE,14.0,52.3
2026-01-29,quickplay,Americas,dorado,All,젠야타,SUPPORT,13.9,56.1
2026-01-29,quickplay,Americas,dorado,All,주노,SUPPORT,20.7,50.1
2026-01-29,quickplay,Americas,dorado,All,캐서디,DAMAGE,16.9,45.7
2026-01-29,quickplay,Americas,dorado,All,키리코,SUPPORT,21.1,45.9
2026-01-29,quickplay,Americas,dorado,All,토르비욘,DAMAGE,5.6,54.4
2026-01-29,quickplay,Americas,dorado,All,트레이서,DAMAGE,3.5,46.3
2026-01-29,quickplay,Americas,dorado,All,파라,DAMAGE,5.3,51.6
2026-01-29,quickplay,Americas,dorado,All,프레야,DAMAGE,7.5,44.9
2026-01-29,quickplay,Americas,dorado,All,한조,DAMAGE,10.6,49.9
2026-01-29,quickplay,Americas,dorado,All,해저드,TANK,3.6,49.2
2026-01-29,quickplay,Americas,rialto,All,D.Va,TANK,10.3,46.5
2026-01-29,quickplay,Americas,rialto,All,겐지,DAMAGE,10.9,50.3
2026-01-29,quickplay,Americas,rialto,All,둠피스트,TANK,10.3,49.9
2026-01-29,quickplay,Americas,rialto,All,라마트라,TANK,8.9,49.7
2026-01-29,quickplay,Americas,rialto,All,라이프위버,SUPPORT,14.2,46.9
2026-01-29,quickplay,Americas,rialto,All,라인하르트,TANK,13.2,55.1
2026-01-29,quickplay,Americas,rialto,All,레킹볼,TANK,3.2,50.2
2026-01-29,quickplay,Americas,rialto,All,로드호그,TANK,9.8,45.9
2026-01-29,quickplay,Americas,rialto,All,루시우,SUPPORT,11.2,52.9
2026-01-29,quickplay,Americas,rialto,All,리퍼,DAMAGE,8.2,53.0
2026-01-29,quickplay,Americas,rialto,All,마우가,TANK,4.9,49.3
2026-01-29,quickplay,Americas,rialto,All,메르시,SUPPORT,30.3,49.1
2026-01-29,quickplay,Americas,rialto,All,메이,DAMAGE,7.2,55.5
2026-01-29,quickplay,Americas,rialto,All,모이라,SUPPORT,19.3,48.5
2026-01-29,quickplay,Americas,rialto,All,바스티온,DAMAGE,16.7,50.3
2026-01-29,quickplay,Americas,rialto,All,바티스트,SUPPORT,7.9,47.4
2026-01-29,quickplay,Americas,rialto,All,벤데타,DAMAGE,13.4,54.6
2026-01-29,quickplay,Americas,rialto,All,벤처,DAMAGE,3.9,53.4
2026-01-29,quickplay,Americas,rialto,All,브리기테,SUPPORT,6.1,54.1
2026-01-29,quickplay,Americas,rialto,All,소전,DAMAGE,10.9,44.8
2026-01-29,quickplay,Americas,rialto,All,솔저: 76,DAMAGE,15.1,48.0
2026-01-29,quickplay,Americas,rialto,All,솜브라,DAMAGE,6.6,46.9
2026-01-29,quickplay,Americas,rialto,All,시그마,TANK,11.4,55.1
2026-01-29,quickplay,Americas,rialto,All,시메트라,DAMAGE,3.3,52.5
2026-01-29,quickplay,Americas,rialto,All,아나,SUPPORT,35.1,48.5
2026-01-29,quickplay,Americas,rialto,All,애쉬,DAMAGE,20.4,51.9
2026-01-29,quickplay,Americas,rialto,All,에코,DAMAGE,7.2,49.8
2026-01-29,quickplay,Americas,rialto,All,오리사,TANK,11.1,46.3
2026-01-29,quickplay,Americas,rialto,All,우양,SUPPORT,10.2,51.6
2026-01-29,quickplay,Americas,rialto,All,위도우메이커,DAMAGE,13.4,45.1
2026-01-29,quickplay,Americas,rialto,All,윈스턴,TANK,3.2,48.4
2026-01-29,quickplay,Americas,rialto,All,일리아리,SUPPORT,11.5,54.5
2026-01-29,quickplay,Americas,rialto,All,자리야,TANK,5.0,48.7
2026-01-29,quickplay,Americas,rialto,All,정커퀸,TANK,5.7,54.0
2026-01-29,quickplay,Americas,rialto,All,정크랫,DAMAGE,13.0,52.5
2026-01-29,quickplay,Americas,rialto,All,젠야타,SUPPORT,14.4,57.3
2026-01-29,quickplay,Americas,rialto,All,주노,SUPPORT,19.8,49.4
2026-01-29,quickplay,Americas,rialto,All,캐서디,DAMAGE,15.7,46.3
2026-01-29,quickplay,Americas,rialto,All,키리코,SUPPORT,20.1,46.3
2026-01-29,quickplay,Americas,rialto,All,토르비욘,DAMAGE,5.4,55.8
2026-01-29,quickplay,Americas,rialto,All,트레이서,DAMAGE,3.2,45.4
2026-01-29,quickplay,Americas,rialto,All,파라,DAMAGE,5.6,52.0
2026-01-29,quickplay,Americas,rialto,All,프레야,DAMAGE,7.5,43.9
2026-01-29,quickplay,Americas,rialto,All,한조,DAMAGE,12.3,51.3
2026-01-29,quickplay,Americas,rialto,All,해저드,TANK,3.1,47.2
2026-01-29,quickplay,Americas,shambali-monastery,All,D.Va,TANK,10.3,47.6
2026-01-29,quickplay,Americas,shambali-monastery,All,겐지,DAMAGE,10.8,51.0
2026-01-29,quickplay,Americas,shambali-monastery,All,둠피스트,TANK,9.6,49.3
2026-01-29,quickplay,Americas,shambali-monastery,All,라마트라,TANK,10.7,50.2
2026-01-29,quickplay,Americas,shambali-monastery,All,라이프위버,SUPPORT,13.9,47.1
2026-01-29,quickplay,Americas,shambali-monastery,All,라인하르트,TANK,13.4,56.0
2026-01-29,quickplay,Americas,shambali-monastery,All,레킹볼,TANK,3.3,50.4
2026-01-29,quickplay,Americas,shambali-monastery,All,로드호그,TANK,6.4,42.7
2026-01-29,quickplay,Americas,shambali-monastery,All,루시우,SUPPORT,8.0,52.0
2026-01-29,quickplay,Americas,shambali-monastery,All,리퍼,DAMAGE,8.7,51.1
2026-01-29,quickplay,Americas,shambali-monastery,All,마우가,TANK,5.0,48.3
2026-01-29,quickplay,Americas,shambali-monastery,All,메르시,SUPPORT,31.0,50.3
2026-01-29,quickplay,Americas,shambali-monastery,All,메이,DAMAGE,7.7,54.8
2026-01-29,quickplay,Americas,shambali-monastery,All,모이라,SUPPORT,20.6,47.9
2026-01-29,quickplay,Americas,shambali-monastery,All,바스티온,DAMAGE,17.2,50.6
2026-01-29,quickplay,Americas,shambali-monastery,All,바티스트,SUPPORT,8.3,47.8
2026-01-29,quickplay,Americas,shambali-monastery,All,벤데타,DAMAGE,13.8,54.6
2026-01-29,quickplay,Americas,shambali-monastery,All,벤처,DAMAGE,3.8,52.7
2026-01-29,quickplay,Americas,shambali-monastery,All,브리기테,SUPPORT,6.1,52.9
2026-01-29,quickplay,Americas,shambali-monastery,All,소전,DAMAGE,11.5,45.0
2026-01-29,quickplay,Americas,shambali-monastery,All,솔저: 76,DAMAGE,15.4,48.0
2026-01-29,quickplay,Americas,shambali-monastery,All,솜브라,DAMAGE,7.0,47.6
2026-01-29,quickplay,Americas,shambali-monastery,All,시그마,TANK,12.8,55.1
2026-01-29,quickplay,Americas,shambali-monastery,All,시메트라,DAMAGE,3.7,53.2
2026-01-29,quickplay,Americas,shambali-monastery,All,아나,SUPPORT,33.3,47.8
2026-01-29,quickplay,Americas,shambali-monastery,All,애쉬,DAMAGE,19.4,51.8
2026-01-29,quickplay,Americas,shambali-monastery,All,에코,DAMAGE,7.3,49.8
2026-01-29,quickplay,Americas,shambali-monastery,All,오리사,TANK,10.6,44.3
2026-01-29,quickplay,Americas,shambali-monastery,All,우양,SUPPORT,10.7,50.7
2026-01-29,quickplay,Americas,shambali-monastery,All,위도우메이커,DAMAGE,9.8,44.9
2026-01-29,quickplay,Americas,shambali-monastery,All,윈스턴,TANK,3.2,47.4
2026-01-29,quickplay,Americas,shambali-monastery,All,일리아리,SUPPORT,12.0,55.6
2026-01-29,quickplay,Americas,shambali-monastery,All,자리야,TANK,5.3,48.4
2026-01-29,quickplay,Americas,shambali-monastery,All,정커퀸,TANK,6.1,56.1
2026-01-29,quickplay,Americas,shambali-monastery,All,정크랫,DAMAGE,13.7,52.6
2026-01-29,quickplay,Americas,shambali-monastery,All,젠야타,SUPPORT,14.9,56.4
2026-01-29,quickplay,Americas,shambali-monastery,All,주노,SUPPORT,20.7,50.6
2026-01-29,quickplay,Americas,shambali-monastery,All,캐서디,DAMAGE,16.2,46.7
2026-01-29,quickplay,Americas,shambali-monastery,All,키리코,SUPPORT,20.4,46.3
2026-01-29,quickplay,Americas,shambali-monastery,All,토르비욘,DAMAGE,5.7,56.1
2026-01-29,quickplay,Americas,shambali-monastery,All,트레이서,DAMAGE,3.6,45.5
2026-01-29,quickplay,Americas,shambali-monastery,All,파라,DAMAGE,4.9,51.0
2026-01-29,quickplay,Americas,shambali-monastery,All,프레야,DAMAGE,7.7,43.7
2026-01-29,quickplay,Americas,shambali-monastery,All,한조,DAMAGE,12.2,50.8
2026-01-29,quickplay,Americas,shambali-monastery,All,해저드,TANK,3.2,45.8
2026-01-29,quickplay,Americas,circuit-royal,All,D.Va,TANK,10.4,46.0
2026-01-29,quickplay,Americas,circuit-royal,All,겐지,DAMAGE,10.3,50.1
2026-01-29,quickplay,Americas,circuit-royal,All,둠피스트,TANK,9.2,49.3
2026-01-29,quickplay,Americas,circuit-royal,All,라마트라,TANK,9.9,49.7
2026-01-29,quickplay,Americas,circuit-royal,All,라이프위버,SUPPORT,14.5,47.5
2026-01-29,quickplay,Americas,circuit-royal,All,라인하르트,TANK,13.3,54.9
2026-01-29,quickplay,Americas,circuit-royal,All,레킹볼,TANK,3.3,48.8
2026-01-29,quickplay,Americas,circuit-royal,All,로드호그,TANK,5.9,40.7
2026-01-29,quickplay,Americas,circuit-royal,All,루시우,SUPPORT,7.4,51.2
2026-01-29,quickplay,Americas,circuit-royal,All,리퍼,DAMAGE,7.6,51.9
2026-01-29,quickplay,Americas,circuit-royal,All,마우가,TANK,4.9,48.3
2026-01-29,quickplay,Americas,circuit-royal,All,메르시,SUPPORT,31.2,50.2
2026-01-29,quickplay,Americas,circuit-royal,All,메이,DAMAGE,7.3,53.8
2026-01-29,quickplay,Americas,circuit-royal,All,모이라,SUPPORT,19.2,48.6
2026-01-29,quickplay,Americas,circuit-royal,All,바스티온,DAMAGE,17.3,51.4
2026-01-29,quickplay,Americas,circuit-royal,All,바티스트,SUPPORT,8.3,47.6
2026-01-29,quickplay,Americas,circuit-royal,All,벤데타,DAMAGE,12.4,54.6
2026-01-29,quickplay,Americas,circuit-royal,All,벤처,DAMAGE,3.3,51.9
2026-01-29,quickplay,Americas,circuit-royal,All,브리기테,SUPPORT,5.1,51.2
2026-01-29,quickplay,Americas,circuit-royal,All,소전,DAMAGE,11.7,46.1
2026-01-29,quickplay,Americas,circuit-royal,All,솔저: 76,DAMAGE,15.5,47.7
2026-01-29,quickplay,Americas,circuit-royal,All,솜브라,DAMAGE,6.6,48.1
2026-01-29,quickplay,Americas,circuit-royal,All,시그마,TANK,15.8,58.2
2026-01-29,quickplay,Americas,circuit-royal,All,시메트라,DAMAGE,3.2,52.5
2026-01-29,quickplay,Americas,circuit-royal,All,아나,SUPPORT,36.1,48.0
2026-01-29,quickplay,Americas,circuit-royal,All,애쉬,DAMAGE,21.9,54.1
2026-01-29,quickplay,Americas,circuit-royal,All,에코,DAMAGE,6.8,49.2
2026-01-29,quickplay,Americas,circuit-royal,All,오리사,TANK,10.6,45.1
2026-01-29,quickplay,Americas,circuit-royal,All,우양,SUPPORT,10.4,50.8
2026-01-29,quickplay,Americas,circuit-royal,All,위도우메이커,DAMAGE,15.0,46.3
2026-01-29,quickplay,Americas,circuit-royal,All,윈스턴,TANK,3.1,47.1
2026-01-29,quickplay,Americas,circuit-royal,All,일리아리,SUPPORT,11.8,54.0
2026-01-29,quickplay,Americas,circuit-royal,All,자리야,TANK,5.2,48.2
2026-01-29,quickplay,Americas,circuit-royal,All,정커퀸,TANK,5.5,53.2
2026-01-29,quickplay,Americas,circuit-royal,All,정크랫,DAMAGE,12.3,50.5
2026-01-29,quickplay,Americas,circuit-royal,All,젠야타,SUPPORT,15.1,57.5
2026-01-29,quickplay,Americas,circuit-royal,All,주노,SUPPORT,21.0,51.2
2026-01-29,quickplay,Americas,circuit-royal,All,캐서디,DAMAGE,15.1,46.3
2026-01-29,quickplay,Americas,circuit-royal,All,키리코,SUPPORT,20.0,45.8
2026-01-29,quickplay,Americas,circuit-royal,All,토르비욘,DAMAGE,5.5,56.1
2026-01-29,quickplay,Americas,circuit-royal,All,트레이서,DAMAGE,3.0,45.2
2026-01-29,quickplay,Americas,circuit-royal,All,파라,DAMAGE,4.4,49.5
2026-01-29,quickplay,Americas,circuit-royal,All,프레야,DAMAGE,8.0,44.7
2026-01-29,quickplay,Americas,circuit-royal,All,한조,DAMAGE,12.8,50.3
2026-01-29,quickplay,Americas,circuit-royal,All,해저드,TANK,2.8,46.8
2026-01-29,quickplay,Americas,junkertown,All,D.Va,TANK,11.4,47.4
2026-01-29,quickplay,Americas,junkertown,All,겐지,DAMAGE,10.0,49.8
2026-01-29,quickplay,Americas,junkertown,All,둠피스트,TANK,8.9,49.4
2026-01-29,quickplay,Americas,junkertown,All,라마트라,TANK,9.4,50.9
2026-01-29,quickplay,Americas,junkertown,All,라이프위버,SUPPORT,14.1,48.8
2026-01-29,quickplay,Americas,junkertown,All,라인하르트,TANK,12.1,54.6
2026-01-29,quickplay,Americas,junkertown,All,레킹볼,TANK,3.7,53.1
2026-01-29,quickplay,Americas,junkertown,All,로드호그,TANK,7.2,43.5
2026-01-29,quickplay,Americas,junkertown,All,루시우,SUPPORT,7.6,50.7
2026-01-29,quickplay,Americas,junkertown,All,리퍼,DAMAGE,8.6,52.9
2026-01-29,quickplay,Americas,junkertown,All,마우가,TANK,5.3,50.8
2026-01-29,quickplay,Americas,junkertown,All,메르시,SUPPORT,31.2,49.4
2026-01-29,quickplay,Americas,junkertown,All,메이,DAMAGE,7.0,54.7
2026-01-29,quickplay,Americas,junkertown,All,모이라,SUPPORT,21.2,48.4
2026-01-29,quickplay,Americas,junkertown,All,바스티온,DAMAGE,17.0,49.8
2026-01-29,quickplay,Americas,junkertown,All,바티스트,SUPPORT,8.2,47.0
2026-01-29,quickplay,Americas,junkertown,All,벤데타,DAMAGE,13.1,55.1
2026-01-29,quickplay,Americas,junkertown,All,벤처,DAMAGE,3.5,51.4
2026-01-29,quickplay,Americas,junkertown,All,브리기테,SUPPORT,5.8,52.7
2026-01-29,quickplay,Americas,junkertown,All,소전,DAMAGE,10.7,44.7
2026-01-29,quickplay,Americas,junkertown,All,솔저: 76,DAMAGE,16.7,49.6
2026-01-29,quickplay,Americas,junkertown,All,솜브라,DAMAGE,7.6,47.5
2026-01-29,quickplay,Americas,junkertown,All,시그마,TANK,12.3,54.4
2026-01-29,quickplay,Americas,junkertown,All,시메트라,DAMAGE,3.0,52.1
2026-01-29,quickplay,Americas,junkertown,All,아나,SUPPORT,34.8,48.5
2026-01-29,quickplay,Americas,junkertown,All,애쉬,DAMAGE,20.9,52.4
2026-01-29,quickplay,Americas,junkertown,All,에코,DAMAGE,6.6,48.8
2026-01-29,quickplay,Americas,junkertown,All,오리사,TANK,10.9,44.6
2026-01-29,quickplay,Americas,junkertown,All,우양,SUPPORT,10.0,52.0
2026-01-29,quickplay,Americas,junkertown,All,위도우메이커,DAMAGE,14.4,47.0
2026-01-29,quickplay,Americas,junkertown,All,윈스턴,TANK,4.0,49.6
2026-01-29,quickplay,Americas,junkertown,All,일리아리,SUPPORT,10.9,54.3
2026-01-29,quickplay,Americas,junkertown,All,자리야,TANK,4.9,47.7
2026-01-29,quickplay,Americas,junkertown,All,정커퀸,TANK,6.9,54.3
2026-01-29,quickplay,Americas,junkertown,All,정크랫,DAMAGE,12.8,51.3
2026-01-29,quickplay,Americas,junkertown,All,젠야타,SUPPORT,14.8,56.2
2026-01-29,quickplay,Americas,junkertown,All,주노,SUPPORT,20.5,50.1
2026-01-29,quickplay,Americas,junkertown,All,캐서디,DAMAGE,16.0,47.7
2026-01-29,quickplay,Americas,junkertown,All,키리코,SUPPORT,20.9,47.0
2026-01-29,quickplay,Americas,junkertown,All,토르비욘,DAMAGE,5.6,55.9
2026-01-29,quickplay,Americas,junkertown,All,트레이서,DAMAGE,3.5,46.3
2026-01-29,quickplay,Americas,junkertown,All,파라,DAMAGE,4.1,48.5
2026-01-29,quickplay,Americas,junkertown,All,프레야,DAMAGE,7.5,45.5
2026-01-29,quickplay,Americas,junkertown,All,한조,DAMAGE,11.3,49.4
2026-01-29,quickplay,Americas,junkertown,All,해저드,TANK,3.1,47.7
2026-01-29,quickplay,Americas,havana,All,D.Va,TANK,10.8,46.8
2026-01-29,quickplay,Americas,havana,All,겐지,DAMAGE,9.9,50.6
2026-01-29,quickplay,Americas,havana,All,둠피스트,TANK,8.6,49.6
2026-01-29,quickplay,Americas,havana,All,라마트라,TANK,10.4,50.4
2026-01-29,quickplay,Americas,havana,All,라이프위버,SUPPORT,13.9,48.5
2026-01-29,quickplay,Americas,havana,All,라인하르트,TANK,13.2,53.7
2026-01-29,quickplay,Americas,havana,All,레킹볼,TANK,3.2,51.2
2026-01-29,quickplay,Americas,havana,All,로드호그,TANK,6.3,43.9
2026-01-29,quickplay,Americas,havana,All,루시우,SUPPORT,7.7,51.0
2026-01-29,quickplay,Americas,havana,All,리퍼,DAMAGE,8.4,51.0
2026-01-29,quickplay,Americas,havana,All,마우가,TANK,5.4,49.4
2026-01-29,quickplay,Americas,havana,All,메르시,SUPPORT,30.6,48.9
2026-01-29,quickplay,Americas,havana,All,메이,DAMAGE,7.5,54.3
2026-01-29,quickplay,Americas,havana,All,모이라,SUPPORT,20.3,47.5
2026-01-29,quickplay,Americas,havana,All,바스티온,DAMAGE,17.4,50.5
2026-01-29,quickplay,Americas,havana,All,바티스트,SUPPORT,8.0,46.8
2026-01-29,quickplay,Americas,havana,All,벤데타,DAMAGE,12.2,53.8
2026-01-29,quickplay,Americas,havana,All,벤처,DAMAGE,3.3,51.7
2026-01-29,quickplay,Americas,havana,All,브리기테,SUPPORT,5.3,53.3
2026-01-29,quickplay,Americas,havana,All,소전,DAMAGE,11.2,45.0
2026-01-29,quickplay,Americas,havana,All,솔저: 76,DAMAGE,15.9,50.1
2026-01-29,quickplay,Americas,havana,All,솜브라,DAMAGE,7.2,47.1
2026-01-29,quickplay,Americas,havana,All,시그마,TANK,13.9,55.4
2026-01-29,quickplay,Americas,havana,All,시메트라,DAMAGE,3.1,52.6
2026-01-29,quickplay,Americas,havana,All,아나,SUPPORT,35.9,48.9
2026-01-29,quickplay,Americas,havana,All,애쉬,DAMAGE,20.9,53.0
2026-01-29,quickplay,Americas,havana,All,에코,DAMAGE,6.3,48.9
2026-01-29,quickplay,Americas,havana,All,오리사,TANK,11.2,46.0
2026-01-29,quickplay,Americas,havana,All,우양,SUPPORT,10.1,52.0
2026-01-29,quickplay,Americas,havana,All,위도우메이커,DAMAGE,16.6,47.5
2026-01-29,quickplay,Americas,havana,All,윈스턴,TANK,3.3,49.2
2026-01-29,quickplay,Americas,havana,All,일리아리,SUPPORT,11.7,54.8
2026-01-29,quickplay,Americas,havana,All,자리야,TANK,5.1,47.4
2026-01-29,quickplay,Americas,havana,All,정커퀸,TANK,5.7,54.2
2026-01-29,quickplay,Americas,havana,All,정크랫,DAMAGE,11.7,50.0
2026-01-29,quickplay,Americas,havana,All,젠야타,SUPPORT,15.4,57.6
2026-01-29,quickplay,Americas,havana,All,주노,SUPPORT,20.2,50.2
2026-01-29,quickplay,Americas,havana,All,캐서디,DAMAGE,15.3,47.7
2026-01-29,quickplay,Americas,havana,All,키리코,SUPPORT,20.8,46.0
2026-01-29,quickplay,Americas,havana,All,토르비욘,DAMAGE,5.8,56.3
2026-01-29,quickplay,Americas,havana,All,트레이서,DAMAGE,3.2,46.0
2026-01-29,quickplay,Americas,havana,All,파라,DAMAGE,4.0,48.5
2026-01-29,quickplay,Americas,havana,All,프레야,DAMAGE,7.5,44.9
2026-01-29,quickplay,Americas,havana,All,한조,DAMAGE,12.7,50.0
2026-01-29,quickplay,Americas,havana,All,해저드,TANK,2.8,47.2
2026-01-29,quickplay,Americas,new-junk-city,All,D.Va,TANK,11.1,49.7
2026-01-29,quickplay,Americas,new-junk-city,All,겐지,DAMAGE,11.8,50.4
2026-01-29,quickplay,Americas,new-junk-city,All,둠피스트,TANK,10.0,50.3
2026-01-29,quickplay,Americas,new-junk-city,All,라마트라,TANK,8.9,49.1
2026-01-29,quickplay,Americas,new-junk-city,All,라이프위버,SUPPORT,11.7,48.2
2026-01-29,quickplay,Americas,new-junk-city,All,라인하르트,TANK,13.1,51.4
2026-01-29,quickplay,Americas,new-junk-city,All,레킹볼,TANK,3.7,50.8
2026-01-29,quickplay,Americas,new-junk-city,All,로드호그,TANK,7.1,46.1
2026-01-29,quickplay,Americas,new-junk-city,All,루시우,SUPPORT,12.6,53.9
2026-01-29,quickplay,Americas,new-junk-city,All,리퍼,DAMAGE,12.2,54.5
2026-01-29,quickplay,Americas,new-junk-city,All,마우가,TANK,5.8,51.6
2026-01-29,quickplay,Americas,new-junk-city,All,메르시,SUPPORT,28.5,50.7
2026-01-29,quickplay,Americas,new-junk-city,All,메이,DAMAGE,8.3,52.3
2026-01-29,quickplay,Americas,new-junk-city,All,모이라,SUPPORT,29.2,49.7
2026-01-29,quickplay,Americas,new-junk-city,All,바스티온,DAMAGE,16.0,48.5
2026-01-29,quickplay,Americas,new-junk-city,All,바티스트,SUPPORT,7.6,46.7
2026-01-29,quickplay,Americas,new-junk-city,All,벤데타,DAMAGE,17.1,55.0
2026-01-29,quickplay,Americas,new-junk-city,All,벤처,DAMAGE,5.3,51.6
2026-01-29,quickplay,Americas,new-junk-city,All,브리기테,SUPPORT,8.8,55.0
2026-01-29,quickplay,Americas,new-junk-city,All,소전,DAMAGE,11.8,44.5
2026-01-29,quickplay,Americas,new-junk-city,All,솔저: 76,DAMAGE,16.9,49.8
2026-01-29,quickplay,Americas,new-junk-city,All,솜브라,DAMAGE,9.2,48.0
2026-01-29,quickplay,Americas,new-junk-city,All,시그마,TANK,7.4,49.7
2026-01-29,quickplay,Americas,new-junk-city,All,시메트라,DAMAGE,3.6,55.3
2026-01-29,quickplay,Americas,new-junk-city,All,아나,SUPPORT,23.3,45.9
2026-01-29,quickplay,Americas,new-junk-city,All,애쉬,DAMAGE,12.0,49.8
2026-01-29,quickplay,Americas,new-junk-city,All,에코,DAMAGE,7.2,50.8
2026-01-29,quickplay,Americas,new-junk-city,All,오리사,TANK,10.6,45.2
2026-01-29,quickplay,Americas,new-junk-city,All,우양,SUPPORT,11.0,50.1
2026-01-29,quickplay,Americas,new-junk-city,All,위도우메이커,DAMAGE,3.5,42.3
2026-01-29,quickplay,Americas,new-junk-city,All,윈스턴,TANK,3.3,50.2
2026-01-29,quickplay,Americas,new-junk-city,All,일리아리,SUPPORT,8.5,54.1
2026-01-29,quickplay,Americas,new-junk-city,All,자리야,TANK,5.6,48.4
2026-01-29,quickplay,Americas,new-junk-city,All,정커퀸,TANK,9.7,56.7
2026-01-29,quickplay,Americas,new-junk-city,All,정크랫,DAMAGE,14.2,50.6
2026-01-29,quickplay,Americas,new-junk-city,All,젠야타,SUPPORT,12.9,54.0
2026-01-29,quickplay,Americas,new-junk-city,All,주노,SUPPORT,22.6,50.1
2026-01-29,quickplay,Americas,new-junk-city,All,캐서디,DAMAGE,19.6,47.8
2026-01-29,quickplay,Americas,new-junk-city,All,키리코,SUPPORT,23.3,46.8
2026-01-29,quickplay,Americas,new-junk-city,All,토르비욘,DAMAGE,5.0,56.6
2026-01-29,quickplay,Americas,new-junk-city,All,트레이서,DAMAGE,6.1,48.2
2026-01-29,quickplay,Americas,new-junk-city,All,파라,DAMAGE,4.3,50.5
2026-01-29,quickplay,Americas,new-junk-city,All,프레야,DAMAGE,6.5,45.5
2026-01-29,quickplay,Americas,new-junk-city,All,한조,DAMAGE,9.1,47.9
2026-01-29,quickplay,Americas,new-junk-city,All,해저드,TANK,3.8,51.0
2026-01-29,quickplay,Americas,suravasa,All,D.Va,TANK,10.8,50.2
2026-01-29,quickplay,Americas,suravasa,All,겐지,DAMAGE,12.5,49.9
2026-01-29,quickplay,Americas,suravasa,All,둠피스트,TANK,10.9,51.0
2026-01-29,quickplay,Americas,suravasa,All,라마트라,TANK,8.7,49.2
2026-01-29,quickplay,Americas,suravasa,All,라이프위버,SUPPORT,12.5,46.8
2026-01-29,quickplay,Americas,suravasa,All,라인하르트,TANK,13.1,54.8
2026-01-29,quickplay,Americas,suravasa,All,레킹볼,TANK,4.2,50.5
2026-01-29,quickplay,Americas,suravasa,All,로드호그,TANK,7.0,44.0
2026-01-29,quickplay,Americas,suravasa,All,루시우,SUPPORT,12.6,55.0
2026-01-29,quickplay,Americas,suravasa,All,리퍼,DAMAGE,11.7,52.9
2026-01-29,quickplay,Americas,suravasa,All,마우가,TANK,5.6,52.5
2026-01-29,quickplay,Americas,suravasa,All,메르시,SUPPORT,29.0,49.9
2026-01-29,quickplay,Americas,suravasa,All,메이,DAMAGE,8.0,52.1
2026-01-29,quickplay,Americas,suravasa,All,모이라,SUPPORT,27.1,49.8
2026-01-29,quickplay,Americas,suravasa,All,바스티온,DAMAGE,15.3,49.1
2026-01-29,quickplay,Americas,suravasa,All,바티스트,SUPPORT,7.7,46.6
2026-01-29,quickplay,Americas,suravasa,All,벤데타,DAMAGE,17.4,56.0
2026-01-29,quickplay,Americas,suravasa,All,벤처,DAMAGE,5.2,53.7
2026-01-29,quickplay,Americas,suravasa,All,브리기테,SUPPORT,8.8,53.6
2026-01-29,quickplay,Americas,suravasa,All,소전,DAMAGE,12.0,44.9
2026-01-29,quickplay,Americas,suravasa,All,솔저: 76,DAMAGE,16.4,48.2
2026-01-29,quickplay,Americas,suravasa,All,솜브라,DAMAGE,9.2,49.3
2026-01-29,quickplay,Americas,suravasa,All,시그마,TANK,7.5,50.5
2026-01-29,quickplay,Americas,suravasa,All,시메트라,DAMAGE,4.3,57.7
2026-01-29,quickplay,Americas,suravasa,All,아나,SUPPORT,24.4,45.9
2026-01-29,quickplay,Americas,suravasa,All,애쉬,DAMAGE,12.4,50.8
2026-01-29,quickplay,Americas,suravasa,All,에코,DAMAGE,7.5,51.1
2026-01-29,quickplay,Americas,suravasa,All,오리사,TANK,10.2,45.0
2026-01-29,quickplay,Americas,suravasa,All,우양,SUPPORT,11.2,51.2
2026-01-29,quickplay,Americas,suravasa,All,위도우메이커,DAMAGE,3.6,41.8
2026-01-29,quickplay,Americas,suravasa,All,윈스턴,TANK,3.7,50.1
2026-01-29,quickplay,Americas,suravasa,All,일리아리,SUPPORT,9.4,56.8
2026-01-29,quickplay,Americas,suravasa,All,자리야,TANK,5.9,46.3
2026-01-29,quickplay,Americas,suravasa,All,정커퀸,TANK,8.6,54.2
2026-01-29,quickplay,Americas,suravasa,All,정크랫,DAMAGE,12.8,50.7
2026-01-29,quickplay,Americas,suravasa,All,젠야타,SUPPORT,12.6,54.3
2026-01-29,quickplay,Americas,suravasa,All,주노,SUPPORT,22.1,50.8
2026-01-29,quickplay,Americas,suravasa,All,캐서디,DAMAGE,20.2,46.1
2026-01-29,quickplay,Americas,suravasa,All,키리코,SUPPORT,22.7,45.7
2026-01-29,quickplay,Americas,suravasa,All,토르비욘,DAMAGE,5.1,57.2
2026-01-29,quickplay,Americas,suravasa,All,트레이서,DAMAGE,6.3,47.4
2026-01-29,quickplay,Americas,suravasa,All,파라,DAMAGE,4.6,51.1
2026-01-29,quickplay,Americas,suravasa,All,프레야,DAMAGE,6.5,44.3
2026-01-29,quickplay,Americas,suravasa,All,한조,DAMAGE,8.9,48.9
2026-01-29,quickplay,Americas,suravasa,All,해저드,TANK,3.8,49.2
2026-01-29,quickplay,Americas,aatlis,All,D.Va,TANK,11.6,50.1
2026-01-29,quickplay,Americas,aatlis,All,겐지,DAMAGE,12.0,49.4
2026-01-29,quickplay,Americas,aatlis,All,둠피스트,TANK,10.6,51.0
2026-01-29,quickplay,Americas,aatlis,All,라마트라,TANK,8.9,51.1
2026-01-29,quickplay,Americas,aatlis,All,라이프위버,SUPPORT,11.9,47.7
2026-01-29,quickplay,Americas,aatlis,All,라인하르트,TANK,12.7,51.1
2026-01-29,quickplay,Americas,aatlis,All,레킹볼,TANK,3.8,50.7
2026-01-29,quickplay,Americas,aatlis,All,로드호그,TANK,6.9,46.0
2026-01-29,quickplay,Americas,aatlis,All,루시우,SUPPORT,12.7,54.3
2026-01-29,quickplay,Americas,aatlis,All,리퍼,DAMAGE,13.1,54.0
2026-01-29,quickplay,Americas,aatlis,All,마우가,TANK,5.9,51.6
2026-01-29,quickplay,Americas,aatlis,All,메르시,SUPPORT,28.2,50.4
2026-01-29,quickplay,Americas,aatlis,All,메이,DAMAGE,8.2,52.9
2026-01-29,quickplay,Americas,aatlis,All,모이라,SUPPORT,29.4,49.7
2026-01-29,quickplay,Americas,aatlis,All,바스티온,DAMAGE,15.8,47.7
2026-01-29,quickplay,Americas,aatlis,All,바티스트,SUPPORT,7.7,46.1
2026-01-29,quickplay,Americas,aatlis,All,벤데타,DAMAGE,18.1,55.9
2026-01-29,quickplay,Americas,aatlis,All,벤처,DAMAGE,5.5,51.7
2026-01-29,quickplay,Americas,aatlis,All,브리기테,SUPPORT,9.8,54.6
2026-01-29,quickplay,Americas,aatlis,All,소전,DAMAGE,11.4,44.9
2026-01-29,quickplay,Americas,aatlis,All,솔저: 76,DAMAGE,16.5,48.2
2026-01-29,quickplay,Americas,aatlis,All,솜브라,DAMAGE,9.3,49.1
2026-01-29,quickplay,Americas,aatlis,All,시그마,TANK,7.5,50.7
2026-01-29,quickplay,Americas,aatlis,All,시메트라,DAMAGE,4.0,56.1
2026-01-29,quickplay,Americas,aatlis,All,아나,SUPPORT,22.7,47.3
2026-01-29,quickplay,Americas,aatlis,All,애쉬,DAMAGE,11.1,50.8
2026-01-29,quickplay,Americas,aatlis,All,에코,DAMAGE,7.2,50.7
2026-01-29,quickplay,Americas,aatlis,All,오리사,TANK,10.5,43.5
2026-01-29,quickplay,Americas,aatlis,All,우양,SUPPORT,11.1,50.9
2026-01-29,quickplay,Americas,aatlis,All,위도우메이커,DAMAGE,3.5,42.3
2026-01-29,quickplay,Americas,aatlis,All,윈스턴,TANK,3.8,52.2
2026-01-29,quickplay,Americas,aatlis,All,일리아리,SUPPORT,8.7,54.9
2026-01-29,quickplay,Americas,aatlis,All,자리야,TANK,5.7,47.2
2026-01-29,quickplay,Americas,aatlis,All,정커퀸,TANK,8.1,56.8
2026-01-29,quickplay,Americas,aatlis,All,정크랫,DAMAGE,13.4,51.2
2026-01-29,quickplay,Americas,aatlis,All,젠야타,SUPPORT,12.9,53.5
2026-01-29,quickplay,Americas,aatlis,All,주노,SUPPORT,22.0,50.3
2026-01-29,quickplay,Americas,aatlis,All,캐서디,DAMAGE,19.9,47.0
2026-01-29,quickplay,Americas,aatlis,All,키리코,SUPPORT,22.8,45.2
2026-01-29,quickplay,Americas,aatlis,All,토르비욘,DAMAGE,4.9,56.0
2026-01-29,quickplay,Americas,aatlis,All,트레이서,DAMAGE,6.5,47.5
2026-01-29,quickplay,Americas,aatlis,All,파라,DAMAGE,4.5,48.9
2026-01-29,quickplay,Americas,aatlis,All,프레야,DAMAGE,6.5,46.7
2026-01-29,quickplay,Americas,aatlis,All,한조,DAMAGE,8.6,48.6
2026-01-29,quickplay,Americas,aatlis,All,해저드,TANK,4.1,48.6
2026-01-29,quickplay,Americas,numbani,All,D.Va,TANK,12.6,48.7
2026-01-29,quickplay,Americas,numbani,All,겐지,DAMAGE,11.4,50.3
2026-01-29,quickplay,Americas,numbani,All,둠피스트,TANK,9.8,49.3
2026-01-29,quickplay,Americas,numbani,All,라마트라,TANK,8.9,49.2
2026-01-29,quickplay,Americas,numbani,All,라이프위버,SUPPORT,14.7,48.0
2026-01-29,quickplay,Americas,numbani,All,라인하르트,TANK,12.1,53.1
2026-01-29,quickplay,Americas,numbani,All,레킹볼,TANK,3.5,53.2
2026-01-29,quickplay,Americas,numbani,All,로드호그,TANK,6.5,43.4
2026-01-29,quickplay,Americas,numbani,All,루시우,SUPPORT,8.7,52.4
2026-01-29,quickplay,Americas,numbani,All,리퍼,DAMAGE,9.1,51.8
2026-01-29,quickplay,Americas,numbani,All,마우가,TANK,5.0,49.7
2026-01-29,quickplay,Americas,numbani,All,메르시,SUPPORT,32.1,49.5
2026-01-29,quickplay,Americas,numbani,All,메이,DAMAGE,7.3,53.1
2026-01-29,quickplay,Americas,numbani,All,모이라,SUPPORT,21.1,48.2
2026-01-29,quickplay,Americas,numbani,All,바스티온,DAMAGE,16.9,50.6
2026-01-29,quickplay,Americas,numbani,All,바티스트,SUPPORT,8.8,48.1
2026-01-29,quickplay,Americas,numbani,All,벤데타,DAMAGE,13.8,53.7
2026-01-29,quickplay,Americas,numbani,All,벤처,DAMAGE,3.5,52.1
2026-01-29,quickplay,Americas,numbani,All,브리기테,SUPPORT,5.9,51.0
2026-01-29,quickplay,Americas,numbani,All,소전,DAMAGE,10.9,45.3
2026-01-29,quickplay,Americas,numbani,All,솔저: 76,DAMAGE,16.1,49.8
2026-01-29,quickplay,Americas,numbani,All,솜브라,DAMAGE,7.3,48.4
2026-01-29,quickplay,Americas,numbani,All,시그마,TANK,10.9,54.4
2026-01-29,quickplay,Americas,numbani,All,시메트라,DAMAGE,3.8,51.6
2026-01-29,quickplay,Americas,numbani,All,아나,SUPPORT,30.6,47.9
2026-01-29,quickplay,Americas,numbani,All,애쉬,DAMAGE,19.5,53.6
2026-01-29,quickplay,Americas,numbani,All,에코,DAMAGE,8.1,49.8
2026-01-29,quickplay,Americas,numbani,All,오리사,TANK,11.2,46.2
2026-01-29,quickplay,Americas,numbani,All,우양,SUPPORT,10.2,51.5
2026-01-29,quickplay,Americas,numbani,All,위도우메이커,DAMAGE,8.4,44.7
2026-01-29,quickplay,Americas,numbani,All,윈스턴,TANK,5.2,52.2
2026-01-29,quickplay,Americas,numbani,All,일리아리,SUPPORT,11.6,53.9
2026-01-29,quickplay,Americas,numbani,All,자리야,TANK,4.9,48.6
2026-01-29,quickplay,Americas,numbani,All,정커퀸,TANK,5.6,54.4
2026-01-29,quickplay,Americas,numbani,All,정크랫,DAMAGE,13.4,50.1
2026-01-29,quickplay,Americas,numbani,All,젠야타,SUPPORT,13.7,56.3
2026-01-29,quickplay,Americas,numbani,All,주노,SUPPORT,21.4,50.9
2026-01-29,quickplay,Americas,numbani,All,캐서디,DAMAGE,16.5,47.8
2026-01-29,quickplay,Americas,numbani,All,키리코,SUPPORT,21.0,47.3
2026-01-29,quickplay,Americas,numbani,All,토르비욘,DAMAGE,5.8,55.1
2026-01-29,quickplay,Americas,numbani,All,트레이서,DAMAGE,3.6,46.6
2026-01-29,quickplay,Americas,numbani,All,파라,DAMAGE,5.2,49.6
2026-01-29,quickplay,Americas,numbani,All,프레야,DAMAGE,7.9,44.3
2026-01-29,quickplay,Americas,numbani,All,한조,DAMAGE,11.4,49.6
2026-01-29,quickplay,Americas,numbani,All,해저드,TANK,3.6,47.8
2026-01-29,quickplay,Americas,midtown,All,D.Va,TANK,10.3,47.1
2026-01-29,quickplay,Americas,midtown,All,겐지,DAMAGE,10.8,50.5
2026-01-29,quickplay,Americas,midtown,All,둠피스트,TANK,9.1,50.0
2026-01-29,quickplay,Americas,midtown,All,라마트라,TANK,10.3,50.4
2026-01-29,quickplay,Americas,midtown,All,라이프위버,SUPPORT,13.1,48.3
2026-01-29,quickplay,Americas,midtown,All,라인하르트,TANK,14.2,54.1
2026-01-29,quickplay,Americas,midtown,All,레킹볼,TANK,2.9,49.6
2026-01-29,quickplay,Americas,midtown,All,로드호그,TANK,6.6,44.1
2026-01-29,quickplay,Americas,midtown,All,루시우,SUPPORT,8.0,51.7
2026-01-29,quickplay,Americas,midtown,All,리퍼,DAMAGE,8.7,52.6
2026-01-29,quickplay,Americas,midtown,All,마우가,TANK,5.2,49.8
2026-01-29,quickplay,Americas,midtown,All,메르시,SUPPORT,30.6,49.8
2026-01-29,quickplay,Americas,midtown,All,메이,DAMAGE,8.0,54.1
2026-01-29,quickplay,Americas,midtown,All,모이라,SUPPORT,21.2,48.4
2026-01-29,quickplay,Americas,midtown,All,바스티온,DAMAGE,18.0,50.1
2026-01-29,quickplay,Americas,midtown,All,바티스트,SUPPORT,8.6,47.5
2026-01-29,quickplay,Americas,midtown,All,벤데타,DAMAGE,13.4,54.3
2026-01-29,quickplay,Americas,midtown,All,벤처,DAMAGE,3.7,50.4
2026-01-29,quickplay,Americas,midtown,All,브리기테,SUPPORT,6.1,53.1
2026-01-29,quickplay,Americas,midtown,All,소전,DAMAGE,11.9,45.0
2026-01-29,quickplay,Americas,midtown,All,솔저: 76,DAMAGE,15.7,48.8
2026-01-29,quickplay,Americas,midtown,All,솜브라,DAMAGE,7.0,47.9
2026-01-29,quickplay,Americas,midtown,All,시그마,TANK,12.7,54.3
2026-01-29,quickplay,Americas,midtown,All,시메트라,DAMAGE,4.1,54.8
2026-01-29,quickplay,Americas,midtown,All,아나,SUPPORT,33.4,47.9
2026-01-29,quickplay,Americas,midtown,All,애쉬,DAMAGE,19.3,53.1
2026-01-29,quickplay,Americas,midtown,All,에코,DAMAGE,6.9,49.1
2026-01-29,quickplay,Americas,midtown,All,오리사,TANK,10.8,45.9
2026-01-29,quickplay,Americas,midtown,All,우양,SUPPORT,10.7,51.5
2026-01-29,quickplay,Americas,midtown,All,위도우메이커,DAMAGE,8.6,45.6
2026-01-29,quickplay,Americas,midtown,All,윈스턴,TANK,2.9,47.8
2026-01-29,quickplay,Americas,midtown,All,일리아리,SUPPORT,12.1,54.1
2026-01-29,quickplay,Americas,midtown,All,자리야,TANK,5.8,48.4
2026-01-29,quickplay,Americas,midtown,All,정커퀸,TANK,6.3,54.7
2026-01-29,quickplay,Americas,midtown,All,정크랫,DAMAGE,13.4,50.7
2026-01-29,quickplay,Americas,midtown,All,젠야타,SUPPORT,14.7,56.7
2026-01-29,quickplay,Americas,midtown,All,주노,SUPPORT,20.5,50.8
2026-01-29,quickplay,Americas,midtown,All,캐서디,DAMAGE,17.0,47.2
2026-01-29,quickplay,Americas,midtown,All,키리코,SUPPORT,21.1,45.9
2026-01-29,quickplay,Americas,midtown,All,토르비욘,DAMAGE,5.7,55.9
2026-01-29,quickplay,Americas,midtown,All,트레이서,DAMAGE,3.6,47.2
2026-01-29,quickplay,Americas,midtown,All,파라,DAMAGE,4.4,48.9
2026-01-29,quickplay,Americas,midtown,All,프레야,DAMAGE,7.4,44.1
2026-01-29,quickplay,Americas,midtown,All,한조,DAMAGE,12.5,50.1
2026-01-29,quickplay,Americas,midtown,All,해저드,TANK,3.0,47.4
2026-01-29,quickplay,Americas,blizzard-world,All,D.Va,TANK,11.1,47.6
2026-01-29,quickplay,Americas,blizzard-world,All,겐지,DAMAGE,10.5,49.5
2026-01-29,quickplay,Americas,blizzard-world,All,둠피스트,TANK,9.1,51.0
2026-01-29,quickplay,Americas,blizzard-world,All,라마트라,TANK,10.2,50.5
2026-01-29,quickplay,Americas,blizzard-world,All,라이프위버,SUPPORT,13.7,48.0
2026-01-29,quickplay,Americas,blizzard-world,All,라인하르트,TANK,13.7,54.0
2026-01-29,quickplay,Americas,blizzard-world,All,레킹볼,TANK,3.5,50.5
2026-01-29,quickplay,Americas,blizzard-world,All,로드호그,TANK,6.3,42.8
2026-01-29,quickplay,Americas,blizzard-world,All,루시우,SUPPORT,8.3,49.6
2026-01-29,quickplay,Americas,blizzard-world,All,리퍼,DAMAGE,8.8,51.4
2026-01-29,quickplay,Americas,blizzard-world,All,마우가,TANK,5.1,47.7
2026-01-29,quickplay,Americas,blizzard-world,All,메르시,SUPPORT,32.0,49.8
2026-01-29,quickplay,Americas,blizzard-world,All,메이,DAMAGE,7.8,53.8
2026-01-29,quickplay,Americas,blizzard-world,All,모이라,SUPPORT,21.4,48.5
2026-01-29,quickplay,Americas,blizzard-world,All,바스티온,DAMAGE,17.3,50.4
2026-01-29,quickplay,Americas,blizzard-world,All,바티스트,SUPPORT,8.3,48.6
2026-01-29,quickplay,Americas,blizzard-world,All,벤데타,DAMAGE,13.1,54.2
2026-01-29,quickplay,Americas,blizzard-world,All,벤처,DAMAGE,3.6,52.3
2026-01-29,quickplay,Americas,blizzard-world,All,브리기테,SUPPORT,5.8,51.7
2026-01-29,quickplay,Americas,blizzard-world,All,소전,DAMAGE,11.3,45.6
2026-01-29,quickplay,Americas,blizzard-world,All,솔저: 76,DAMAGE,15.7,48.7
2026-01-29,quickplay,Americas,blizzard-world,All,솜브라,DAMAGE,7.8,48.6
2026-01-29,quickplay,Americas,blizzard-world,All,시그마,TANK,12.6,56.1
2026-01-29,quickplay,Americas,blizzard-world,All,시메트라,DAMAGE,3.8,53.8
2026-01-29,quickplay,Americas,blizzard-world,All,아나,SUPPORT,31.5,48.2
2026-01-29,quickplay,Americas,blizzard-world,All,애쉬,DAMAGE,18.9,52.9
2026-01-29,quickplay,Americas,blizzard-world,All,에코,DAMAGE,7.3,49.2
2026-01-29,quickplay,Americas,blizzard-world,All,오리사,TANK,11.1,45.0
2026-01-29,quickplay,Americas,blizzard-world,All,우양,SUPPORT,10.4,51.0
2026-01-29,quickplay,Americas,blizzard-world,All,위도우메이커,DAMAGE,10.2,45.5
2026-01-29,quickplay,Americas,blizzard-world,All,윈스턴,TANK,3.5,49.2
2026-01-29,quickplay,Americas,blizzard-world,All,일리아리,SUPPORT,12.1,54.8
2026-01-29,quickplay,Americas,blizzard-world,All,자리야,TANK,5.2,48.5
2026-01-29,quickplay,Americas,blizzard-world,All,정커퀸,TANK,5.6,53.3
2026-01-29,quickplay,Americas,blizzard-world,All,정크랫,DAMAGE,13.7,50.9
2026-01-29,quickplay,Americas,blizzard-world,All,젠야타,SUPPORT,14.4,56.5
2026-01-29,quickplay,Americas,blizzard-world,All,주노,SUPPORT,21.3,50.7
2026-01-29,quickplay,Americas,blizzard-world,All,캐서디,DAMAGE,15.6,46.6
2026-01-29,quickplay,Americas,blizzard-world,All,키리코,SUPPORT,20.8,46.6
2026-01-29,quickplay,Americas,blizzard-world,All,토르비욘,DAMAGE,5.8,55.6
2026-01-29,quickplay,Americas,blizzard-world,All,트레이서,DAMAGE,3.6,45.9
2026-01-29,quickplay,Americas,blizzard-world,All,파라,DAMAGE,5.0,50.5
2026-01-29,quickplay,Americas,blizzard-world,All,프레야,DAMAGE,7.8,45.3
2026-01-29,quickplay,Americas,blizzard-world,All,한조,DAMAGE,12.3,50.9
2026-01-29,quickplay,Americas,blizzard-world,All,해저드,TANK,2.9,47.1
2026-01-29,quickplay,Americas,eichenwalde,All,D.Va,TANK,10.1,46.5
2026-01-29,quickplay,Americas,eichenwalde,All,겐지,DAMAGE,10.9,50.2
2026-01-29,quickplay,Americas,eichenwalde,All,둠피스트,TANK,9.4,49.4
2026-01-29,quickplay,Americas,eichenwalde,All,라마트라,TANK,9.6,50.0
2026-01-29,quickplay,Americas,eichenwalde,All,라이프위버,SUPPORT,12.7,46.7
2026-01-29,quickplay,Americas,eichenwalde,All,라인하르트,TANK,17.5,55.6
2026-01-29,quickplay,Americas,eichenwalde,All,레킹볼,TANK,3.2,49.6
2026-01-29,quickplay,Americas,eichenwalde,All,로드호그,TANK,6.6,43.2
2026-01-29,quickplay,Americas,eichenwalde,All,루시우,SUPPORT,9.1,52.3
2026-01-29,quickplay,Americas,eichenwalde,All,리퍼,DAMAGE,8.9,52.6
2026-01-29,quickplay,Americas,eichenwalde,All,마우가,TANK,4.9,50.0
2026-01-29,quickplay,Americas,eichenwalde,All,메르시,SUPPORT,30.4,49.5
2026-01-29,quickplay,Americas,eichenwalde,All,메이,DAMAGE,7.7,54.6
2026-01-29,quickplay,Americas,eichenwalde,All,모이라,SUPPORT,21.7,48.2
2026-01-29,quickplay,Americas,eichenwalde,All,바스티온,DAMAGE,18.0,50.0
2026-01-29,quickplay,Americas,eichenwalde,All,바티스트,SUPPORT,8.7,46.8
2026-01-29,quickplay,Americas,eichenwalde,All,벤데타,DAMAGE,13.7,55.3
2026-01-29,quickplay,Americas,eichenwalde,All,벤처,DAMAGE,3.7,52.2
2026-01-29,quickplay,Americas,eichenwalde,All,브리기테,SUPPORT,6.6,54.0
2026-01-29,quickplay,Americas,eichenwalde,All,소전,DAMAGE,10.9,44.2
2026-01-29,quickplay,Americas,eichenwalde,All,솔저: 76,DAMAGE,14.6,46.9
2026-01-29,quickplay,Americas,eichenwalde,All,솜브라,DAMAGE,6.9,46.3
2026-01-29,quickplay,Americas,eichenwalde,All,시그마,TANK,11.7,54.3
2026-01-29,quickplay,Americas,eichenwalde,All,시메트라,DAMAGE,4.7,54.9
2026-01-29,quickplay,Americas,eichenwalde,All,아나,SUPPORT,32.7,48.5
2026-01-29,quickplay,Americas,eichenwalde,All,애쉬,DAMAGE,16.9,50.9
2026-01-29,quickplay,Americas,eichenwalde,All,에코,DAMAGE,8.0,50.1
2026-01-29,quickplay,Americas,eichenwalde,All,오리사,TANK,10.5,45.5
2026-01-29,quickplay,Americas,eichenwalde,All,우양,SUPPORT,10.5,51.6
2026-01-29,quickplay,Americas,eichenwalde,All,위도우메이커,DAMAGE,6.8,43.5
2026-01-29,quickplay,Americas,eichenwalde,All,윈스턴,TANK,2.8,47.9
2026-01-29,quickplay,Americas,eichenwalde,All,일리아리,SUPPORT,12.4,54.1
2026-01-29,quickplay,Americas,eichenwalde,All,자리야,TANK,5.3,48.2
2026-01-29,quickplay,Americas,eichenwalde,All,정커퀸,TANK,5.5,53.2
2026-01-29,quickplay,Americas,eichenwalde,All,정크랫,DAMAGE,16.5,53.8
2026-01-29,quickplay,Americas,eichenwalde,All,젠야타,SUPPORT,14.9,56.2
2026-01-29,quickplay,Americas,eichenwalde,All,주노,SUPPORT,19.9,50.6
2026-01-29,quickplay,Americas,eichenwalde,All,캐서디,DAMAGE,16.0,46.7
2026-01-29,quickplay,Americas,eichenwalde,All,키리코,SUPPORT,20.5,46.6
2026-01-29,quickplay,Americas,eichenwalde,All,토르비욘,DAMAGE,6.7,56.5
2026-01-29,quickplay,Americas,eichenwalde,All,트레이서,DAMAGE,3.5,45.1
2026-01-29,quickplay,Americas,eichenwalde,All,파라,DAMAGE,6.0,52.5
2026-01-29,quickplay,Americas,eichenwalde,All,프레야,DAMAGE,7.3,44.2
2026-01-29,quickplay,Americas,eichenwalde,All,한조,DAMAGE,12.3,48.9
2026-01-29,quickplay,Americas,eichenwalde,All,해저드,TANK,2.9,48.7
2026-01-29,quickplay,Americas,kings-row,All,D.Va,TANK,9.8,45.9
2026-01-29,quickplay,Americas,kings-row,All,겐지,DAMAGE,11.0,51.0
2026-01-29,quickplay,Americas,kings-row,All,둠피스트,TANK,9.3,51.8
2026-01-29,quickplay,Americas,kings-row,All,라마트라,TANK,9.8,48.1
2026-01-29,quickplay,Americas,kings-row,All,라이프위버,SUPPORT,13.0,46.6
2026-01-29,quickplay,Americas,kings-row,All,라인하르트,TANK,18.7,56.1
2026-01-29,quickplay,Americas,kings-row,All,레킹볼,TANK,2.9,52.9
2026-01-29,quickplay,Americas,kings-row,All,로드호그,TANK,6.2,42.4
2026-01-29,quickplay,Americas,kings-row,All,루시우,SUPPORT,8.2,50.8
2026-01-29,quickplay,Americas,kings-row,All,리퍼,DAMAGE,8.8,52.5
2026-01-29,quickplay,Americas,kings-row,All,마우가,TANK,4.8,47.8
2026-01-29,quickplay,Americas,kings-row,All,메르시,SUPPORT,30.4,49.3
2026-01-29,quickplay,Americas,kings-row,All,메이,DAMAGE,8.2,53.9
2026-01-29,quickplay,Americas,kings-row,All,모이라,SUPPORT,20.6,48.5
2026-01-29,quickplay,Americas,kings-row,All,바스티온,DAMAGE,18.0,50.7
2026-01-29,quickplay,Americas,kings-row,All,바티스트,SUPPORT,8.8,47.9
2026-01-29,quickplay,Americas,kings-row,All,벤데타,DAMAGE,13.2,54.7
2026-01-29,quickplay,Americas,kings-row,All,벤처,DAMAGE,3.6,52.3
2026-01-29,quickplay,Americas,kings-row,All,브리기테,SUPPORT,6.1,51.4
2026-01-29,quickplay,Americas,kings-row,All,소전,DAMAGE,11.2,44.5
2026-01-29,quickplay,Americas,kings-row,All,솔저: 76,DAMAGE,14.1,46.4
2026-01-29,quickplay,Americas,kings-row,All,솜브라,DAMAGE,6.2,47.0
2026-01-29,quickplay,Americas,kings-row,All,시그마,TANK,11.1,54.1
2026-01-29,quickplay,Americas,kings-row,All,시메트라,DAMAGE,4.3,52.0
2026-01-29,quickplay,Americas,kings-row,All,아나,SUPPORT,35.5,49.0
2026-01-29,quickplay,Americas,kings-row,All,애쉬,DAMAGE,17.3,52.0
2026-01-29,quickplay,Americas,kings-row,All,에코,DAMAGE,6.7,49.8
2026-01-29,quickplay,Americas,kings-row,All,오리사,TANK,10.3,44.9
2026-01-29,quickplay,Americas,kings-row,All,우양,SUPPORT,10.2,51.2
2026-01-29,quickplay,Americas,kings-row,All,위도우메이커,DAMAGE,13.9,49.8
2026-01-29,quickplay,Americas,kings-row,All,윈스턴,TANK,2.8,47.9
2026-01-29,quickplay,Americas,kings-row,All,일리아리,SUPPORT,12.1,53.9
2026-01-29,quickplay,Americas,kings-row,All,자리야,TANK,5.9,49.2
2026-01-29,quickplay,Americas,kings-row,All,정커퀸,TANK,5.6,53.3
2026-01-29,quickplay,Americas,kings-row,All,정크랫,DAMAGE,14.8,51.4
2026-01-29,quickplay,Americas,kings-row,All,젠야타,SUPPORT,14.9,57.5
2026-01-29,quickplay,Americas,kings-row,All,주노,SUPPORT,19.6,50.9
2026-01-29,quickplay,Americas,kings-row,All,캐서디,DAMAGE,15.2,46.1
2026-01-29,quickplay,Americas,kings-row,All,키리코,SUPPORT,20.5,46.4
2026-01-29,quickplay,Americas,kings-row,All,토르비욘,DAMAGE,5.5,53.6
2026-01-29,quickplay,Americas,kings-row,All,트레이서,DAMAGE,3.2,45.1
2026-01-29,quickplay,Americas,kings-row,All,파라,DAMAGE,4.8,52.3
2026-01-29,quickplay,Americas,kings-row,All,프레야,DAMAGE,7.1,44.4
2026-01-29,quickplay,Americas,kings-row,All,한조,DAMAGE,12.6,50.7
2026-01-29,quickplay,Americas,kings-row,All,해저드,TANK,2.8,48.0
2026-01-29,quickplay,Americas,paraiso,All,D.Va,TANK,12.0,48.8
2026-01-29,quickplay,Americas,paraiso,All,겐지,DAMAGE,11.0,49.6
2026-01-29,quickplay,Americas,paraiso,All,둠피스트,TANK,9.2,48.9
2026-01-29,quickplay,Americas,paraiso,All,라마트라,TANK,9.7,50.2
2026-01-29,quickplay,Americas,paraiso,All,라이프위버,SUPPORT,13.5,47.8
2026-01-29,quickplay,Americas,paraiso,All,라인하르트,TANK,12.7,54.4
2026-01-29,quickplay,Americas,paraiso,All,레킹볼,TANK,3.1,48.0
2026-01-29,quickplay,Americas,paraiso,All,로드호그,TANK,6.7,43.3
2026-01-29,quickplay,Americas,paraiso,All,루시우,SUPPORT,9.6,51.1
2026-01-29,quickplay,Americas,paraiso,All,리퍼,DAMAGE,9.4,52.8
2026-01-29,quickplay,Americas,paraiso,All,마우가,TANK,5.3,49.7
2026-01-29,quickplay,Americas,paraiso,All,메르시,SUPPORT,30.8,49.2
2026-01-29,quickplay,Americas,paraiso,All,메이,DAMAGE,7.7,53.5
2026-01-29,quickplay,Americas,paraiso,All,모이라,SUPPORT,22.0,48.9
2026-01-29,quickplay,Americas,paraiso,All,바스티온,DAMAGE,17.1,49.9
2026-01-29,quickplay,Americas,paraiso,All,바티스트,SUPPORT,8.5,48.2
2026-01-29,quickplay,Americas,paraiso,All,벤데타,DAMAGE,13.8,54.2
2026-01-29,quickplay,Americas,paraiso,All,벤처,DAMAGE,3.8,52.4
2026-01-29,quickplay,Americas,paraiso,All,브리기테,SUPPORT,6.2,53.6
2026-01-29,quickplay,Americas,paraiso,All,소전,DAMAGE,11.0,44.8
2026-01-29,quickplay,Americas,paraiso,All,솔저: 76,DAMAGE,15.6,49.9
2026-01-29,quickplay,Americas,paraiso,All,솜브라,DAMAGE,7.3,47.7
2026-01-29,quickplay,Americas,paraiso,All,시그마,TANK,11.6,55.0
2026-01-29,quickplay,Americas,paraiso,All,시메트라,DAMAGE,4.1,53.8
2026-01-29,quickplay,Americas,paraiso,All,아나,SUPPORT,30.5,48.2
2026-01-29,quickplay,Americas,paraiso,All,애쉬,DAMAGE,19.0,52.5
2026-01-29,quickplay,Americas,paraiso,All,에코,DAMAGE,7.6,50.2
2026-01-29,quickplay,Americas,paraiso,All,오리사,TANK,11.1,46.5
2026-01-29,quickplay,Americas,paraiso,All,우양,SUPPORT,10.7,50.5
2026-01-29,quickplay,Americas,paraiso,All,위도우메이커,DAMAGE,8.7,44.1
2026-01-29,quickplay,Americas,paraiso,All,윈스턴,TANK,3.9,50.5
2026-01-29,quickplay,Americas,paraiso,All,일리아리,SUPPORT,12.1,54.6
2026-01-29,quickplay,Americas,paraiso,All,자리야,TANK,5.0,47.7
2026-01-29,quickplay,Americas,paraiso,All,정커퀸,TANK,6.1,54.1
2026-01-29,quickplay,Americas,paraiso,All,정크랫,DAMAGE,13.6,51.6
2026-01-29,quickplay,Americas,paraiso,All,젠야타,SUPPORT,14.2,56.1
2026-01-29,quickplay,Americas,paraiso,All,주노,SUPPORT,21.1,51.0
2026-01-29,quickplay,Americas,paraiso,All,캐서디,DAMAGE,16.5,46.6
2026-01-29,quickplay,Americas,paraiso,All,키리코,SUPPORT,20.8,46.2
2026-01-29,quickplay,Americas,paraiso,All,토르비욘,DAMAGE,5.8,56.1
2026-01-29,quickplay,Americas,paraiso,All,트레이서,DAMAGE,3.5,45.5
2026-01-29,quickplay,Americas,paraiso,All,파라,DAMAGE,4.9,50.8
2026-01-29,quickplay,Americas,paraiso,All,프레야,DAMAGE,7.7,45.1
2026-01-29,quickplay,Americas,paraiso,All,한조,DAMAGE,11.9,49.7
2026-01-29,quickplay,Americas,paraiso,All,해저드,TANK,3.5,47.2
2026-01-29,quickplay,Americas,hollywood,All,D.Va,TANK,11.1,48.3
2026-01-29,quickplay,Americas,hollywood,All,겐지,DAMAGE,10.9,51.1
2026-01-29,quickplay,Americas,hollywood,All,둠피스트,TANK,9.3,48.7
2026-01-29,quickplay,Americas,hollywood,All,라마트라,TANK,9.8,50.5
2026-01-29,quickplay,Americas,hollywood,All,라이프위버,SUPPORT,13.6,47.8
2026-01-29,quickplay,Americas,hollywood,All,라인하르트,TANK,13.7,53.5
2026-01-29,quickplay,Americas,hollywood,All,레킹볼,TANK,3.2,49.7
2026-01-29,quickplay,Americas,hollywood,All,로드호그,TANK,6.7,43.6
2026-01-29,quickplay,Americas,hollywood,All,루시우,SUPPORT,8.0,50.6
2026-01-29,quickplay,Americas,hollywood,All,리퍼,DAMAGE,8.9,53.1
2026-01-29,quickplay,Americas,hollywood,All,마우가,TANK,5.1,49.1
2026-01-29,quickplay,Americas,hollywood,All,메르시,SUPPORT,31.1,49.9
2026-01-29,quickplay,Americas,hollywood,All,메이,DAMAGE,7.6,54.3
2026-01-29,quickplay,Americas,hollywood,All,모이라,SUPPORT,21.4,48.7
2026-01-29,quickplay,Americas,hollywood,All,바스티온,DAMAGE,17.0,48.8
2026-01-29,quickplay,Americas,hollywood,All,바티스트,SUPPORT,8.6,46.7
2026-01-29,quickplay,Americas,hollywood,All,벤데타,DAMAGE,13.3,55.5
2026-01-29,quickplay,Americas,hollywood,All,벤처,DAMAGE,3.7,52.0
2026-01-29,quickplay,Americas,hollywood,All,브리기테,SUPPORT,6.0,53.5
2026-01-29,quickplay,Americas,hollywood,All,소전,DAMAGE,11.0,44.5
2026-01-29,quickplay,Americas,hollywood,All,솔저: 76,DAMAGE,15.2,48.4
2026-01-29,quickplay,Americas,hollywood,All,솜브라,DAMAGE,6.9,48.5
2026-01-29,quickplay,Americas,hollywood,All,시그마,TANK,12.2,54.9
2026-01-29,quickplay,Americas,hollywood,All,시메트라,DAMAGE,4.1,53.2
2026-01-29,quickplay,Americas,hollywood,All,아나,SUPPORT,33.1,48.0
2026-01-29,quickplay,Americas,hollywood,All,애쉬,DAMAGE,19.5,51.7
2026-01-29,quickplay,Americas,hollywood,All,에코,DAMAGE,7.1,50.3
2026-01-29,quickplay,Americas,hollywood,All,오리사,TANK,10.8,45.7
2026-01-29,quickplay,Americas,hollywood,All,우양,SUPPORT,10.4,51.8
2026-01-29,quickplay,Americas,hollywood,All,위도우메이커,DAMAGE,10.6,45.0
2026-01-29,quickplay,Americas,hollywood,All,윈스턴,TANK,3.5,50.0
2026-01-29,quickplay,Americas,hollywood,All,일리아리,SUPPORT,12.2,54.8
2026-01-29,quickplay,Americas,hollywood,All,자리야,TANK,5.5,49.2
2026-01-29,quickplay,Americas,hollywood,All,정커퀸,TANK,5.9,54.8
2026-01-29,quickplay,Americas,hollywood,All,정크랫,DAMAGE,14.1,52.5
2026-01-29,quickplay,Americas,hollywood,All,젠야타,SUPPORT,14.6,56.7
2026-01-29,quickplay,Americas,hollywood,All,주노,SUPPORT,20.6,50.5
2026-01-29,quickplay,Americas,hollywood,All,캐서디,DAMAGE,16.2,46.7
2026-01-29,quickplay,Americas,hollywood,All,키리코,SUPPORT,20.3,45.9
2026-01-29,quickplay,Americas,hollywood,All,토르비욘,DAMAGE,5.9,55.4
2026-01-29,quickplay,Americas,hollywood,All,트레이서,DAMAGE,3.4,46.0
2026-01-29,quickplay,Americas,hollywood,All,파라,DAMAGE,4.8,49.9
2026-01-29,quickplay,Americas,hollywood,All,프레야,DAMAGE,7.4,45.4
2026-01-29,quickplay,Americas,hollywood,All,한조,DAMAGE,12.3,49.8
2026-01-29,quickplay,Americas,hollywood,All,해저드,TANK,3.2,48.0
2026-01-29,quickplay,Americas,new-queen-street,All,D.Va,TANK,11.7,48.8
2026-01-29,quickplay,Americas,new-queen-street,All,겐지,DAMAGE,12.0,50.2
2026-01-29,quickplay,Americas,new-queen-street,All,둠피스트,TANK,10.3,48.8
2026-01-29,quickplay,Americas,new-queen-street,All,라마트라,TANK,8.7,49.9
2026-01-29,quickplay,Americas,new-queen-street,All,라이프위버,SUPPORT,13.2,46.9
2026-01-29,quickplay,Americas,new-queen-street,All,라인하르트,TANK,13.4,56.0
2026-01-29,quickplay,Americas,new-queen-street,All,레킹볼,TANK,4.4,49.5
2026-01-29,quickplay,Americas,new-queen-street,All,로드호그,TANK,6.9,43.7
2026-01-29,quickplay,Americas,new-queen-street,All,루시우,SUPPORT,10.2,51.5
2026-01-29,quickplay,Americas,new-queen-street,All,리퍼,DAMAGE,9.8,53.4
2026-01-29,quickplay,Americas,new-queen-street,All,마우가,TANK,5.6,49.5
2026-01-29,quickplay,Americas,new-queen-street,All,메르시,SUPPORT,30.8,50.6
2026-01-29,quickplay,Americas,new-queen-street,All,메이,DAMAGE,7.2,52.7
2026-01-29,quickplay,Americas,new-queen-street,All,모이라,SUPPORT,23.8,50.2
2026-01-29,quickplay,Americas,new-queen-street,All,바스티온,DAMAGE,15.9,50.0
2026-01-29,quickplay,Americas,new-queen-street,All,바티스트,SUPPORT,7.5,47.1
2026-01-29,quickplay,Americas,new-queen-street,All,벤데타,DAMAGE,15.8,54.4
2026-01-29,quickplay,Americas,new-queen-street,All,벤처,DAMAGE,4.2,52.2
2026-01-29,quickplay,Americas,new-queen-street,All,브리기테,SUPPORT,7.5,52.0
2026-01-29,quickplay,Americas,new-queen-street,All,소전,DAMAGE,11.7,46.2
2026-01-29,quickplay,Americas,new-queen-street,All,솔저: 76,DAMAGE,18.2,51.5
2026-01-29,quickplay,Americas,new-queen-street,All,솜브라,DAMAGE,9.2,50.8
2026-01-29,quickplay,Americas,new-queen-street,All,시그마,TANK,8.4,52.1
2026-01-29,quickplay,Americas,new-queen-street,All,시메트라,DAMAGE,2.6,51.8
2026-01-29,quickplay,Americas,new-queen-street,All,아나,SUPPORT,28.1,46.8
2026-01-29,quickplay,Americas,new-queen-street,All,애쉬,DAMAGE,16.1,50.7
2026-01-29,quickplay,Americas,new-queen-street,All,에코,DAMAGE,7.5,49.9
2026-01-29,quickplay,Americas,new-queen-street,All,오리사,TANK,10.3,45.0
2026-01-29,quickplay,Americas,new-queen-street,All,우양,SUPPORT,11.0,51.8
2026-01-29,quickplay,Americas,new-queen-street,All,위도우메이커,DAMAGE,7.3,43.9
2026-01-29,quickplay,Americas,new-queen-street,All,윈스턴,TANK,3.7,50.3
2026-01-29,quickplay,Americas,new-queen-street,All,일리아리,SUPPORT,8.9,54.4
2026-01-29,quickplay,Americas,new-queen-street,All,자리야,TANK,5.2,47.9
2026-01-29,quickplay,Americas,new-queen-street,All,정커퀸,TANK,7.9,56.5
2026-01-29,quickplay,Americas,new-queen-street,All,정크랫,DAMAGE,10.7,48.2
2026-01-29,quickplay,Americas,new-queen-street,All,젠야타,SUPPORT,13.5,55.7
2026-01-29,quickplay,Americas,new-queen-street,All,주노,SUPPORT,23.2,50.8
2026-01-29,quickplay,Americas,new-queen-street,All,캐서디,DAMAGE,18.9,48.0
2026-01-29,quickplay,Americas,new-queen-street,All,키리코,SUPPORT,22.2,46.7
2026-01-29,quickplay,Americas,new-queen-street,All,토르비욘,DAMAGE,4.8,55.6
2026-01-29,quickplay,Americas,new-queen-street,All,트레이서,DAMAGE,6.1,48.6
2026-01-29,quickplay,Americas,new-queen-street,All,파라,DAMAGE,4.6,49.0
2026-01-29,quickplay,Americas,new-queen-street,All,프레야,DAMAGE,7.3,44.4
2026-01-29,quickplay,Americas,new-queen-street,All,한조,DAMAGE,10.2,49.1
2026-01-29,quickplay,Americas,new-queen-street,All,해저드,TANK,3.6,47.5
2026-01-29,quickplay,Americas,runasapi,All,D.Va,TANK,11.4,49.2
2026-01-29,quickplay,Americas,runasapi,All,겐지,DAMAGE,11.6,49.4
2026-01-29,quickplay,Americas,runasapi,All,둠피스트,TANK,10.2,48.0
2026-01-29,quickplay,Americas,runasapi,All,라마트라,TANK,8.9,49.9
2026-01-29,quickplay,Americas,runasapi,All,라이프위버,SUPPORT,13.3,46.8
2026-01-29,quickplay,Americas,runasapi,All,라인하르트,TANK,13.3,56.3
2026-01-29,quickplay,Americas,runasapi,All,레킹볼,TANK,4.3,50.3
2026-01-29,quickplay,Americas,runasapi,All,로드호그,TANK,6.7,43.6
2026-01-29,quickplay,Americas,runasapi,All,루시우,SUPPORT,10.4,52.7
2026-01-29,quickplay,Americas,runasapi,All,리퍼,DAMAGE,9.8,54.6
2026-01-29,quickplay,Americas,runasapi,All,마우가,TANK,5.9,49.4
2026-01-29,quickplay,Americas,runasapi,All,메르시,SUPPORT,30.6,51.2
2026-01-29,quickplay,Americas,runasapi,All,메이,DAMAGE,7.4,52.6
2026-01-29,quickplay,Americas,runasapi,All,모이라,SUPPORT,23.7,49.4
2026-01-29,quickplay,Americas,runasapi,All,바스티온,DAMAGE,16.4,50.2
2026-01-29,quickplay,Americas,runasapi,All,바티스트,SUPPORT,7.3,46.8
2026-01-29,quickplay,Americas,runasapi,All,벤데타,DAMAGE,16.1,55.2
2026-01-29,quickplay,Americas,runasapi,All,벤처,DAMAGE,4.4,52.9
2026-01-29,quickplay,Americas,runasapi,All,브리기테,SUPPORT,7.4,52.4
2026-01-29,quickplay,Americas,runasapi,All,소전,DAMAGE,11.8,45.4
2026-01-29,quickplay,Americas,runasapi,All,솔저: 76,DAMAGE,17.6,51.2
2026-01-29,quickplay,Americas,runasapi,All,솜브라,DAMAGE,9.3,50.8
2026-01-29,quickplay,Americas,runasapi,All,시그마,TANK,8.5,52.9
2026-01-29,quickplay,Americas,runasapi,All,시메트라,DAMAGE,2.8,51.0
2026-01-29,quickplay,Americas,runasapi,All,아나,SUPPORT,27.3,46.3
2026-01-29,quickplay,Americas,runasapi,All,애쉬,DAMAGE,15.8,49.9
2026-01-29,quickplay,Americas,runasapi,All,에코,DAMAGE,7.6,49.1
2026-01-29,quickplay,Americas,runasapi,All,오리사,TANK,10.6,45.1
2026-01-29,quickplay,Americas,runasapi,All,우양,SUPPORT,11.1,52.4
2026-01-29,quickplay,Americas,runasapi,All,위도우메이커,DAMAGE,6.4,42.1
2026-01-29,quickplay,Americas,runasapi,All,윈스턴,TANK,3.7,49.9
2026-01-29,quickplay,Americas,runasapi,All,일리아리,SUPPORT,9.8,54.1
2026-01-29,quickplay,Americas,runasapi,All,자리야,TANK,5.2,47.7
2026-01-29,quickplay,Americas,runasapi,All,정커퀸,TANK,7.7,56.1
2026-01-29,quickplay,Americas,runasapi,All,정크랫,DAMAGE,11.3,49.1
2026-01-29,quickplay,Americas,runasapi,All,젠야타,SUPPORT,13.5,55.3
2026-01-29,quickplay,Americas,runasapi,All,주노,SUPPORT,23.9,51.2
2026-01-29,quickplay,Americas,runasapi,All,캐서디,DAMAGE,18.8,49.0
2026-01-29,quickplay,Americas,runasapi,All,키리코,SUPPORT,21.6,45.9
2026-01-29,quickplay,Americas,runasapi,All,토르비욘,DAMAGE,4.9,53.6
2026-01-29,quickplay,Americas,runasapi,All,트레이서,DAMAGE,5.8,48.4
2026-01-29,quickplay,Americas,runasapi,All,파라,DAMAGE,4.9,48.9
2026-01-29,quickplay,Americas,runasapi,All,프레야,DAMAGE,7.6,44.3
2026-01-29,quickplay,Americas,runasapi,All,한조,DAMAGE,10.0,50.0
2026-01-29,quickplay,Americas,runasapi,All,해저드,TANK,3.6,47.2
2026-01-29,quickplay,Americas,esperanca,All,D.Va,TANK,11.6,49.6
2026-01-29,quickplay,Americas,esperanca,All,겐지,DAMAGE,12.1,50.4
2026-01-29,quickplay,Americas,esperanca,All,둠피스트,TANK,10.6,49.6
2026-01-29,quickplay,Americas,esperanca,All,라마트라,TANK,8.8,49.4
2026-01-29,quickplay,Americas,esperanca,All,라이프위버,SUPPORT,13.5,46.9
2026-01-29,quickplay,Americas,esperanca,All,라인하르트,TANK,13.4,56.3
2026-01-29,quickplay,Americas,esperanca,All,레킹볼,TANK,4.3,49.3
2026-01-29,quickplay,Americas,esperanca,All,로드호그,TANK,6.6,43.1
2026-01-29,quickplay,Americas,esperanca,All,루시우,SUPPORT,10.7,52.6
2026-01-29,quickplay,Americas,esperanca,All,리퍼,DAMAGE,9.8,53.2
2026-01-29,quickplay,Americas,esperanca,All,마우가,TANK,5.7,49.7
2026-01-29,quickplay,Americas,esperanca,All,메르시,SUPPORT,30.9,51.1
2026-01-29,quickplay,Americas,esperanca,All,메이,DAMAGE,7.2,53.1
2026-01-29,quickplay,Americas,esperanca,All,모이라,SUPPORT,23.6,50.1
2026-01-29,quickplay,Americas,esperanca,All,바스티온,DAMAGE,16.1,50.3
2026-01-29,quickplay,Americas,esperanca,All,바티스트,SUPPORT,7.5,47.0
2026-01-29,quickplay,Americas,esperanca,All,벤데타,DAMAGE,16.0,54.5
2026-01-29,quickplay,Americas,esperanca,All,벤처,DAMAGE,4.2,51.7
2026-01-29,quickplay,Americas,esperanca,All,브리기테,SUPPORT,7.3,51.9
2026-01-29,quickplay,Americas,esperanca,All,소전,DAMAGE,11.4,44.9
2026-01-29,quickplay,Americas,esperanca,All,솔저: 76,DAMAGE,17.6,51.3
2026-01-29,quickplay,Americas,esperanca,All,솜브라,DAMAGE,9.2,50.4
2026-01-29,quickplay,Americas,esperanca,All,시그마,TANK,8.6,52.7
2026-01-29,quickplay,Americas,esperanca,All,시메트라,DAMAGE,2.7,51.8
2026-01-29,quickplay,Americas,esperanca,All,아나,SUPPORT,27.7,47.5
2026-01-29,quickplay,Americas,esperanca,All,애쉬,DAMAGE,16.4,49.8
2026-01-29,quickplay,Americas,esperanca,All,에코,DAMAGE,7.8,50.0
2026-01-29,quickplay,Americas,esperanca,All,오리사,TANK,10.4,45.0
2026-01-29,quickplay,Americas,esperanca,All,우양,SUPPORT,10.9,50.8
2026-01-29,quickplay,Americas,esperanca,All,위도우메이커,DAMAGE,7.1,44.8
2026-01-29,quickplay,Americas,esperanca,All,윈스턴,TANK,4.0,50.7
2026-01-29,quickplay,Americas,esperanca,All,일리아리,SUPPORT,9.0,52.9
2026-01-29,quickplay,Americas,esperanca,All,자리야,TANK,4.9,46.1
2026-01-29,quickplay,Americas,esperanca,All,정커퀸,TANK,7.6,55.6
2026-01-29,quickplay,Americas,esperanca,All,정크랫,DAMAGE,11.0,50.0
2026-01-29,quickplay,Americas,esperanca,All,젠야타,SUPPORT,13.2,54.7
2026-01-29,quickplay,Americas,esperanca,All,주노,SUPPORT,23.4,51.1
2026-01-29,quickplay,Americas,esperanca,All,캐서디,DAMAGE,18.5,47.6
2026-01-29,quickplay,Americas,esperanca,All,키리코,SUPPORT,22.1,46.5
2026-01-29,quickplay,Americas,esperanca,All,토르비욘,DAMAGE,4.8,55.2
2026-01-29,quickplay,Americas,esperanca,All,트레이서,DAMAGE,5.7,47.8
2026-01-29,quickplay,Americas,esperanca,All,파라,DAMAGE,4.7,50.6
2026-01-29,quickplay,Americas,esperanca,All,프레야,DAMAGE,7.5,44.9
2026-01-29,quickplay,Americas,esperanca,All,한조,DAMAGE,10.3,49.2
2026-01-29,quickplay,Americas,esperanca,All,해저드,TANK,3.6,47.2
2026-01-29,quickplay,Americas,colosseo,All,D.Va,TANK,10.8,47.2
2026-01-29,quickplay,Americas,colosseo,All,겐지,DAMAGE,11.7,51.8
2026-01-29,quickplay,Americas,colosseo,All,둠피스트,TANK,10.7,51.0
2026-01-29,quickplay,Americas,colosseo,All,라마트라,TANK,9.2,49.6
2026-01-29,quickplay,Americas,colosseo,All,라이프위버,SUPPORT,13.3,47.6
2026-01-29,quickplay,Americas,colosseo,All,라인하르트,TANK,13.8,56.0
2026-01-29,quickplay,Americas,colosseo,All,레킹볼,TANK,4.5,51.4
2026-01-29,quickplay,Americas,colosseo,All,로드호그,TANK,6.5,43.7
2026-01-29,quickplay,Americas,colosseo,All,루시우,SUPPORT,10.5,55.2
2026-01-29,quickplay,Americas,colosseo,All,리퍼,DAMAGE,9.2,53.4
2026-01-29,quickplay,Americas,colosseo,All,마우가,TANK,5.4,49.4
2026-01-29,quickplay,Americas,colosseo,All,메르시,SUPPORT,30.6,50.8
2026-01-29,quickplay,Americas,colosseo,All,메이,DAMAGE,7.2,52.7
2026-01-29,quickplay,Americas,colosseo,All,모이라,SUPPORT,22.4,48.6
2026-01-29,quickplay,Americas,colosseo,All,바스티온,DAMAGE,15.9,48.4
2026-01-29,quickplay,Americas,colosseo,All,바티스트,SUPPORT,7.3,46.1
2026-01-29,quickplay,Americas,colosseo,All,벤데타,DAMAGE,15.7,56.6
2026-01-29,quickplay,Americas,colosseo,All,벤처,DAMAGE,3.9,53.3
2026-01-29,quickplay,Americas,colosseo,All,브리기테,SUPPORT,6.8,52.9
2026-01-29,quickplay,Americas,colosseo,All,소전,DAMAGE,11.3,46.1
2026-01-29,quickplay,Americas,colosseo,All,솔저: 76,DAMAGE,16.5,49.5
2026-01-29,quickplay,Americas,colosseo,All,솜브라,DAMAGE,8.7,50.8
2026-01-29,quickplay,Americas,colosseo,All,시그마,TANK,9.0,52.2
2026-01-29,quickplay,Americas,colosseo,All,시메트라,DAMAGE,2.6,49.8
2026-01-29,quickplay,Americas,colosseo,All,아나,SUPPORT,32.3,47.3
2026-01-29,quickplay,Americas,colosseo,All,애쉬,DAMAGE,17.7,49.1
2026-01-29,quickplay,Americas,colosseo,All,에코,DAMAGE,7.1,50.6
2026-01-29,quickplay,Americas,colosseo,All,오리사,TANK,10.4,44.1
2026-01-29,quickplay,Americas,colosseo,All,우양,SUPPORT,10.5,52.1
2026-01-29,quickplay,Americas,colosseo,All,위도우메이커,DAMAGE,10.7,45.5
2026-01-29,quickplay,Americas,colosseo,All,윈스턴,TANK,3.7,51.7
2026-01-29,quickplay,Americas,colosseo,All,일리아리,SUPPORT,8.8,53.3
2026-01-29,quickplay,Americas,colosseo,All,자리야,TANK,5.1,45.9
2026-01-29,quickplay,Americas,colosseo,All,정커퀸,TANK,7.6,56.0
2026-01-29,quickplay,Americas,colosseo,All,정크랫,DAMAGE,11.4,50.8
2026-01-29,quickplay,Americas,colosseo,All,젠야타,SUPPORT,14.0,55.7
2026-01-29,quickplay,Americas,colosseo,All,주노,SUPPORT,22.0,50.4
2026-01-29,quickplay,Americas,colosseo,All,캐서디,DAMAGE,17.0,46.4
2026-01-29,quickplay,Americas,colosseo,All,키리코,SUPPORT,21.5,45.7
2026-01-29,quickplay,Americas,colosseo,All,토르비욘,DAMAGE,4.7,53.4
2026-01-29,quickplay,Americas,colosseo,All,트레이서,DAMAGE,5.2,49.8
2026-01-29,quickplay,Americas,colosseo,All,파라,DAMAGE,4.6,50.9
2026-01-29,quickplay,Americas,colosseo,All,프레야,DAMAGE,7.4,44.9
2026-01-29,quickplay,Americas,colosseo,All,한조,DAMAGE,11.6,50.2
2026-01-29,quickplay,Americas,colosseo,All,해저드,TANK,3.4,48.4
