date,game_mode,region,map,tier,hero_name,role,pick_rate(%),win_rate(%)
2026-01-24,quickplay,Asia,all-maps,All,D.Va,TANK,8.8,47.6
2026-01-24,quickplay,Asia,all-maps,All,겐지,DAMAGE,15.1,50.8
2026-01-24,quickplay,Asia,all-maps,All,둠피스트,TANK,15.3,50.5
2026-01-24,quickplay,Asia,all-maps,All,라마트라,TANK,6.3,49.5
2026-01-24,quickplay,Asia,all-maps,All,라이프위버,SUPPORT,7.9,46.7
2026-01-24,quickplay,Asia,all-maps,All,라인하르트,TANK,9.3,52.4
2026-01-24,quickplay,Asia,all-maps,All,레킹볼,TANK,4.1,49.0
2026-01-24,quickplay,Asia,all-maps,All,로드호그,TANK,6.0,44.1
2026-01-24,quickplay,Asia,all-maps,All,루시우,SUPPORT,8.2,51.9
2026-01-24,quickplay,Asia,all-maps,All,리퍼,DAMAGE,9.5,52.8
2026-01-24,quickplay,Asia,all-maps,All,마우가,TANK,4.0,48.1
2026-01-24,quickplay,Asia,all-maps,All,메르시,SUPPORT,12.6,47.4
2026-01-24,quickplay,Asia,all-maps,All,메이,DAMAGE,6.4,53.2
2026-01-24,quickplay,Asia,all-maps,All,모이라,SUPPORT,15.3,49.4
2026-01-24,quickplay,Asia,all-maps,All,바스티온,DAMAGE,12.9,49.8
2026-01-24,quickplay,Asia,all-maps,All,바티스트,SUPPORT,8.9,47.7
2026-01-24,quickplay,Asia,all-maps,All,벤데타,DAMAGE,12.8,54.2
2026-01-24,quickplay,Asia,all-maps,All,벤처,DAMAGE,4.3,53.0
2026-01-24,quickplay,Asia,all-maps,All,브리기테,SUPPORT,5.6,50.4
2026-01-24,quickplay,Asia,all-maps,All,소전,DAMAGE,14.8,45.7
2026-01-24,quickplay,Asia,all-maps,All,솔저: 76,DAMAGE,17.5,49.0
2026-01-24,quickplay,Asia,all-maps,All,솜브라,DAMAGE,8.6,48.4
2026-01-24,quickplay,Asia,all-maps,All,시그마,TANK,12.0,55.4
2026-01-24,quickplay,Asia,all-maps,All,시메트라,DAMAGE,4.8,57.1
2026-01-24,quickplay,Asia,all-maps,All,아나,SUPPORT,50.4,48.0
2026-01-24,quickplay,Asia,all-maps,All,애쉬,DAMAGE,16.4,51.4
2026-01-24,quickplay,Asia,all-maps,All,에코,DAMAGE,5.9,51.0
2026-01-24,quickplay,Asia,all-maps,All,오리사,TANK,11.3,46.1
2026-01-24,quickplay,Asia,all-maps,All,우양,SUPPORT,17.5,53.0
2026-01-24,quickplay,Asia,all-maps,All,위도우메이커,DAMAGE,5.1,46.1
2026-01-24,quickplay,Asia,all-maps,All,윈스턴,TANK,6.1,50.8
2026-01-24,quickplay,Asia,all-maps,All,일리아리,SUPPORT,14.2,56.2
2026-01-24,quickplay,Asia,all-maps,All,자리야,TANK,9.1,49.9
2026-01-24,quickplay,Asia,all-maps,All,정커퀸,TANK,4.8,54.9
2026-01-24,quickplay,Asia,all-maps,All,정크랫,DAMAGE,9.3,51.3
2026-01-24,quickplay,Asia,all-maps,All,젠야타,SUPPORT,14.4,54.7
2026-01-24,quickplay,Asia,all-maps,All,주노,SUPPORT,14.4,50.1
2026-01-24,quickplay,Asia,all-maps,All,캐서디,DAMAGE,22.5,46.4
2026-01-24,quickplay,Asia,all-maps,All,키리코,SUPPORT,30.8,46.8
2026-01-24,quickplay,Asia,all-maps,All,토르비욘,DAMAGE,4.2,54.8
2026-01-24,quickplay,Asia,all-maps,All,트레이서,DAMAGE,6.6,47.7
2026-01-24,quickplay,Asia,all-maps,All,파라,DAMAGE,6.7,51.6
2026-01-24,quickplay,Asia,all-maps,All,프레야,DAMAGE,7.7,45.8
2026-01-24,quickplay,Asia,all-maps,All,한조,DAMAGE,9.0,49.5
2026-01-24,quickplay,Asia,all-maps,All,해저드,TANK,2.8,49.4
2026-01-24,quickplay,Asia,hanaoka,All,D.Va,TANK,7.6,47.9
2026-01-24,quickplay,Asia,hanaoka,All,겐지,DAMAGE,16.7,50.0
2026-01-24,quickplay,Asia,hanaoka,All,둠피스트,TANK,16.5,52.5
2026-01-24,quickplay,Asia,hanaoka,All,라마트라,TANK,6.5,49.6
2026-01-24,quickplay,Asia,hanaoka,All,라이프위버,SUPPORT,6.8,47.0
2026-01-24,quickplay,Asia,hanaoka,All,라인하르트,TANK,10.7,51.5
2026-01-24,quickplay,Asia,hanaoka,All,레킹볼,TANK,3.7,50.6
2026-01-24,quickplay,Asia,hanaoka,All,로드호그,TANK,6.0,43.2
2026-01-24,quickplay,Asia,hanaoka,All,루시우,SUPPORT,9.4,50.4
2026-01-24,quickplay,Asia,hanaoka,All,리퍼,DAMAGE,11.5,53.6
2026-01-24,quickplay,Asia,hanaoka,All,마우가,TANK,4.6,49.6
2026-01-24,quickplay,Asia,hanaoka,All,메르시,SUPPORT,11.7,45.6
2026-01-24,quickplay,Asia,hanaoka,All,메이,DAMAGE,6.9,52.7
2026-01-24,quickplay,Asia,hanaoka,All,모이라,SUPPORT,19.8,50.6
2026-01-24,quickplay,Asia,hanaoka,All,바스티온,DAMAGE,13.3,48.4
2026-01-24,quickplay,Asia,hanaoka,All,바티스트,SUPPORT,7.5,46.4
2026-01-24,quickplay,Asia,hanaoka,All,벤데타,DAMAGE,16.5,53.1
2026-01-24,quickplay,Asia,hanaoka,All,벤처,DAMAGE,5.9,53.7
2026-01-24,quickplay,Asia,hanaoka,All,브리기테,SUPPORT,7.8,50.7
2026-01-24,quickplay,Asia,hanaoka,All,소전,DAMAGE,14.5,45.9
2026-01-24,quickplay,Asia,hanaoka,All,솔저: 76,DAMAGE,18.0,49.5
2026-01-24,quickplay,Asia,hanaoka,All,솜브라,DAMAGE,8.3,49.5
2026-01-24,quickplay,Asia,hanaoka,All,시그마,TANK,8.3,51.5
2026-01-24,quickplay,Asia,hanaoka,All,시메트라,DAMAGE,3.6,56.1
2026-01-24,quickplay,Asia,hanaoka,All,아나,SUPPORT,44.3,48.2
2026-01-24,quickplay,Asia,hanaoka,All,애쉬,DAMAGE,10.5,52.0
2026-01-24,quickplay,Asia,hanaoka,All,에코,DAMAGE,4.6,49.2
2026-01-24,quickplay,Asia,hanaoka,All,오리사,TANK,11.2,45.2
2026-01-24,quickplay,Asia,hanaoka,All,우양,SUPPORT,19.4,54.3
2026-01-24,quickplay,Asia,hanaoka,All,위도우메이커,DAMAGE,1.9,39.5
2026-01-24,quickplay,Asia,hanaoka,All,윈스턴,TANK,4.1,49.9
2026-01-24,quickplay,Asia,hanaoka,All,일리아리,SUPPORT,11.5,56.6
2026-01-24,quickplay,Asia,hanaoka,All,자리야,TANK,10.0,50.9
2026-01-24,quickplay,Asia,hanaoka,All,정커퀸,TANK,7.3,55.9
2026-01-24,quickplay,Asia,hanaoka,All,정크랫,DAMAGE,11.2,51.8
2026-01-24,quickplay,Asia,hanaoka,All,젠야타,SUPPORT,13.6,53.6
2026-01-24,quickplay,Asia,hanaoka,All,주노,SUPPORT,15.7,50.3
2026-01-24,quickplay,Asia,hanaoka,All,캐서디,DAMAGE,27.0,49.3
2026-01-24,quickplay,Asia,hanaoka,All,키리코,SUPPORT,32.5,46.9
2026-01-24,quickplay,Asia,hanaoka,All,토르비욘,DAMAGE,3.6,56.0
2026-01-24,quickplay,Asia,hanaoka,All,트레이서,DAMAGE,7.4,48.1
2026-01-24,quickplay,Asia,hanaoka,All,파라,DAMAGE,4.4,46.6
2026-01-24,quickplay,Asia,hanaoka,All,프레야,DAMAGE,6.0,44.4
2026-01-24,quickplay,Asia,hanaoka,All,한조,DAMAGE,8.3,47.0
2026-01-24,quickplay,Asia,hanaoka,All,해저드,TANK,3.5,49.6
2026-01-24,quickplay,Asia,nepal,All,D.Va,TANK,7.0,45.7
2026-01-24,quickplay,Asia,nepal,All,겐지,DAMAGE,15.3,49.6
2026-01-24,quickplay,Asia,nepal,All,둠피스트,TANK,16.3,50.5
2026-01-24,quickplay,Asia,nepal,All,라마트라,TANK,6.4,50.3
2026-01-24,quickplay,Asia,nepal,All,라이프위버,SUPPORT,7.0,45.0
2026-01-24,quickplay,Asia,nepal,All,라인하르트,TANK,10.1,53.3
2026-01-24,quickplay,Asia,nepal,All,레킹볼,TANK,3.9,46.6
2026-01-24,quickplay,Asia,nepal,All,로드호그,TANK,7.9,45.3
2026-01-24,quickplay,Asia,nepal,All,루시우,SUPPORT,10.4,52.4
2026-01-24,quickplay,Asia,nepal,All,리퍼,DAMAGE,10.5,53.1
2026-01-24,quickplay,Asia,nepal,All,마우가,TANK,4.0,48.8
2026-01-24,quickplay,Asia,nepal,All,메르시,SUPPORT,11.4,47.2
2026-01-24,quickplay,Asia,nepal,All,메이,DAMAGE,7.1,53.6
2026-01-24,quickplay,Asia,nepal,All,모이라,SUPPORT,17.3,50.5
2026-01-24,quickplay,Asia,nepal,All,바스티온,DAMAGE,12.4,50.6
2026-01-24,quickplay,Asia,nepal,All,바티스트,SUPPORT,8.4,47.0
2026-01-24,quickplay,Asia,nepal,All,벤데타,DAMAGE,14.0,54.5
2026-01-24,quickplay,Asia,nepal,All,벤처,DAMAGE,5.2,52.9
2026-01-24,quickplay,Asia,nepal,All,브리기테,SUPPORT,6.5,51.7
2026-01-24,quickplay,Asia,nepal,All,소전,DAMAGE,15.0,46.4
2026-01-24,quickplay,Asia,nepal,All,솔저: 76,DAMAGE,17.4,48.8
2026-01-24,quickplay,Asia,nepal,All,솜브라,DAMAGE,8.3,47.1
2026-01-24,quickplay,Asia,nepal,All,시그마,TANK,9.0,54.0
2026-01-24,quickplay,Asia,nepal,All,시메트라,DAMAGE,7.7,60.6
2026-01-24,quickplay,Asia,nepal,All,아나,SUPPORT,49.0,47.7
2026-01-24,quickplay,Asia,nepal,All,애쉬,DAMAGE,12.1,48.4
2026-01-24,quickplay,Asia,nepal,All,에코,DAMAGE,5.7,50.2
2026-01-24,quickplay,Asia,nepal,All,오리사,TANK,12.2,48.0
2026-01-24,quickplay,Asia,nepal,All,우양,SUPPORT,18.6,53.8
2026-01-24,quickplay,Asia,nepal,All,위도우메이커,DAMAGE,1.9,39.1
2026-01-24,quickplay,Asia,nepal,All,윈스턴,TANK,4.6,49.1
2026-01-24,quickplay,Asia,nepal,All,일리아리,SUPPORT,12.4,55.0
2026-01-24,quickplay,Asia,nepal,All,자리야,TANK,10.4,51.0
2026-01-24,quickplay,Asia,nepal,All,정커퀸,TANK,5.3,54.6
2026-01-24,quickplay,Asia,nepal,All,정크랫,DAMAGE,11.1,52.3
2026-01-24,quickplay,Asia,nepal,All,젠야타,SUPPORT,13.9,53.5
2026-01-24,quickplay,Asia,nepal,All,주노,SUPPORT,13.8,49.7
2026-01-24,quickplay,Asia,nepal,All,캐서디,DAMAGE,24.3,46.5
2026-01-24,quickplay,Asia,nepal,All,키리코,SUPPORT,31.2,47.6
2026-01-24,quickplay,Asia,nepal,All,토르비욘,DAMAGE,3.6,54.5
2026-01-24,quickplay,Asia,nepal,All,트레이서,DAMAGE,6.9,46.3
2026-01-24,quickplay,Asia,nepal,All,파라,DAMAGE,7.0,51.9
2026-01-24,quickplay,Asia,nepal,All,프레야,DAMAGE,6.5,45.1
2026-01-24,quickplay,Asia,nepal,All,한조,DAMAGE,7.8,48.6
2026-01-24,quickplay,Asia,nepal,All,해저드,TANK,2.9,51.2
2026-01-24,quickplay,Asia,throne-of-anubis,All,D.Va,TANK,6.6,47.0
2026-01-24,quickplay,Asia,throne-of-anubis,All,겐지,DAMAGE,16.3,50.7
2026-01-24,quickplay,Asia,throne-of-anubis,All,둠피스트,TANK,17.9,52.7
2026-01-24,quickplay,Asia,throne-of-anubis,All,라마트라,TANK,6.5,48.2
2026-01-24,quickplay,Asia,throne-of-anubis,All,라이프위버,SUPPORT,6.7,46.1
2026-01-24,quickplay,Asia,throne-of-anubis,All,라인하르트,TANK,11.3,51.2
2026-01-24,quickplay,Asia,throne-of-anubis,All,레킹볼,TANK,3.9,54.5
2026-01-24,quickplay,Asia,throne-of-anubis,All,로드호그,TANK,5.4,42.6
2026-01-24,quickplay,Asia,throne-of-anubis,All,루시우,SUPPORT,9.2,52.5
2026-01-24,quickplay,Asia,throne-of-anubis,All,리퍼,DAMAGE,12.4,54.3
2026-01-24,quickplay,Asia,throne-of-anubis,All,마우가,TANK,4.5,50.0
2026-01-24,quickplay,Asia,throne-of-anubis,All,메르시,SUPPORT,11.1,46.5
2026-01-24,quickplay,Asia,throne-of-anubis,All,메이,DAMAGE,7.3,53.5
2026-01-24,quickplay,Asia,throne-of-anubis,All,모이라,SUPPORT,18.8,50.0
2026-01-24,quickplay,Asia,throne-of-anubis,All,바스티온,DAMAGE,12.5,49.3
2026-01-24,quickplay,Asia,throne-of-anubis,All,바티스트,SUPPORT,8.4,47.1
2026-01-24,quickplay,Asia,throne-of-anubis,All,벤데타,DAMAGE,16.8,53.1
2026-01-24,quickplay,Asia,throne-of-anubis,All,벤처,DAMAGE,6.0,54.6
2026-01-24,quickplay,Asia,throne-of-anubis,All,브리기테,SUPPORT,8.1,53.0
2026-01-24,quickplay,Asia,throne-of-anubis,All,소전,DAMAGE,14.0,45.4
2026-01-24,quickplay,Asia,throne-of-anubis,All,솔저: 76,DAMAGE,15.8,48.2
2026-01-24,quickplay,Asia,throne-of-anubis,All,솜브라,DAMAGE,7.8,47.1
2026-01-24,quickplay,Asia,throne-of-anubis,All,시그마,TANK,7.9,50.0
2026-01-24,quickplay,Asia,throne-of-anubis,All,시메트라,DAMAGE,4.7,58.6
2026-01-24,quickplay,Asia,throne-of-anubis,All,아나,SUPPORT,46.1,48.3
2026-01-24,quickplay,Asia,throne-of-anubis,All,애쉬,DAMAGE,10.2,49.1
2026-01-24,quickplay,Asia,throne-of-anubis,All,에코,DAMAGE,5.1,51.6
2026-01-24,quickplay,Asia,throne-of-anubis,All,오리사,TANK,11.0,46.5
2026-01-24,quickplay,Asia,throne-of-anubis,All,우양,SUPPORT,19.5,52.7
2026-01-24,quickplay,Asia,throne-of-anubis,All,위도우메이커,DAMAGE,1.7,40.4
2026-01-24,quickplay,Asia,throne-of-anubis,All,윈스턴,TANK,3.7,49.9
2026-01-24,quickplay,Asia,throne-of-anubis,All,일리아리,SUPPORT,12.4,55.7
2026-01-24,quickplay,Asia,throne-of-anubis,All,자리야,TANK,10.3,49.9
2026-01-24,quickplay,Asia,throne-of-anubis,All,정커퀸,TANK,7.4,56.3
2026-01-24,quickplay,Asia,throne-of-anubis,All,정크랫,DAMAGE,12.3,52.7
2026-01-24,quickplay,Asia,throne-of-anubis,All,젠야타,SUPPORT,13.5,54.2
2026-01-24,quickplay,Asia,throne-of-anubis,All,주노,SUPPORT,15.6,50.3
2026-01-24,quickplay,Asia,throne-of-anubis,All,캐서디,DAMAGE,26.2,47.4
2026-01-24,quickplay,Asia,throne-of-anubis,All,키리코,SUPPORT,30.6,46.2
2026-01-24,quickplay,Asia,throne-of-anubis,All,토르비욘,DAMAGE,3.8,55.7
2026-01-24,quickplay,Asia,throne-of-anubis,All,트레이서,DAMAGE,7.2,47.4
2026-01-24,quickplay,Asia,throne-of-anubis,All,파라,DAMAGE,5.8,50.0
2026-01-24,quickplay,Asia,throne-of-anubis,All,프레야,DAMAGE,6.1,43.5
2026-01-24,quickplay,Asia,throne-of-anubis,All,한조,DAMAGE,7.9,48.3
2026-01-24,quickplay,Asia,throne-of-anubis,All,해저드,TANK,3.5,48.5
2026-01-24,quickplay,Asia,oasis,All,D.Va,TANK,8.0,48.0
2026-01-24,quickplay,Asia,oasis,All,겐지,DAMAGE,15.7,50.8
2026-01-24,quickplay,Asia,oasis,All,둠피스트,TANK,16.6,49.6
2026-01-24,quickplay,Asia,oasis,All,라마트라,TANK,6.2,50.4
2026-01-24,quickplay,Asia,oasis,All,라이프위버,SUPPORT,7.1,45.9
2026-01-24,quickplay,Asia,oasis,All,라인하르트,TANK,9.1,52.2
2026-01-24,quickplay,Asia,oasis,All,레킹볼,TANK,4.4,47.4
2026-01-24,quickplay,Asia,oasis,All,로드호그,TANK,5.8,45.7
2026-01-24,quickplay,Asia,oasis,All,루시우,SUPPORT,8.7,51.7
2026-01-24,quickplay,Asia,oasis,All,리퍼,DAMAGE,10.8,53.7
2026-01-24,quickplay,Asia,oasis,All,마우가,TANK,4.2,49.6
2026-01-24,quickplay,Asia,oasis,All,메르시,SUPPORT,11.9,47.9
2026-01-24,quickplay,Asia,oasis,All,메이,DAMAGE,6.7,52.2
2026-01-24,quickplay,Asia,oasis,All,모이라,SUPPORT,17.4,50.8
2026-01-24,quickplay,Asia,oasis,All,바스티온,DAMAGE,12.9,50.6
2026-01-24,quickplay,Asia,oasis,All,바티스트,SUPPORT,8.8,48.6
2026-01-24,quickplay,Asia,oasis,All,벤데타,DAMAGE,14.0,53.3
2026-01-24,quickplay,Asia,oasis,All,벤처,DAMAGE,4.9,52.3
2026-01-24,quickplay,Asia,oasis,All,브리기테,SUPPORT,7.2,50.5
2026-01-24,quickplay,Asia,oasis,All,소전,DAMAGE,14.7,46.6
2026-01-24,quickplay,Asia,oasis,All,솔저: 76,DAMAGE,17.9,49.9
2026-01-24,quickplay,Asia,oasis,All,솜브라,DAMAGE,9.7,48.6
2026-01-24,quickplay,Asia,oasis,All,시그마,TANK,8.7,53.5
2026-01-24,quickplay,Asia,oasis,All,시메트라,DAMAGE,4.7,55.7
2026-01-24,quickplay,Asia,oasis,All,아나,SUPPORT,47.7,48.0
2026-01-24,quickplay,Asia,oasis,All,애쉬,DAMAGE,10.9,48.3
2026-01-24,quickplay,Asia,oasis,All,에코,DAMAGE,6.0,50.0
2026-01-24,quickplay,Asia,oasis,All,오리사,TANK,11.8,47.6
2026-01-24,quickplay,Asia,oasis,All,우양,SUPPORT,18.6,53.1
2026-01-24,quickplay,Asia,oasis,All,위도우메이커,DAMAGE,1.6,38.8
2026-01-24,quickplay,Asia,oasis,All,윈스턴,TANK,5.9,49.8
2026-01-24,quickplay,Asia,oasis,All,일리아리,SUPPORT,12.3,56.4
2026-01-24,quickplay,Asia,oasis,All,자리야,TANK,10.5,50.6
2026-01-24,quickplay,Asia,oasis,All,정커퀸,TANK,5.7,55.7
2026-01-24,quickplay,Asia,oasis,All,정크랫,DAMAGE,8.2,49.9
2026-01-24,quickplay,Asia,oasis,All,젠야타,SUPPORT,13.3,53.0
2026-01-24,quickplay,Asia,oasis,All,주노,SUPPORT,14.3,49.8
2026-01-24,quickplay,Asia,oasis,All,캐서디,DAMAGE,28.8,48.3
2026-01-24,quickplay,Asia,oasis,All,키리코,SUPPORT,32.8,47.0
2026-01-24,quickplay,Asia,oasis,All,토르비욘,DAMAGE,3.5,54.5
2026-01-24,quickplay,Asia,oasis,All,트레이서,DAMAGE,8.8,47.6
2026-01-24,quickplay,Asia,oasis,All,파라,DAMAGE,6.6,52.7
2026-01-24,quickplay,Asia,oasis,All,프레야,DAMAGE,6.4,46.0
2026-01-24,quickplay,Asia,oasis,All,한조,DAMAGE,7.3,48.6
2026-01-24,quickplay,Asia,oasis,All,해저드,TANK,3.2,49.6
2026-01-24,quickplay,Asia,samoa,All,D.Va,TANK,6.8,46.7
2026-01-24,quickplay,Asia,samoa,All,겐지,DAMAGE,14.6,49.9
2026-01-24,quickplay,Asia,samoa,All,둠피스트,TANK,15.0,49.6
2026-01-24,quickplay,Asia,samoa,All,라마트라,TANK,6.8,49.8
2026-01-24,quickplay,Asia,samoa,All,라이프위버,SUPPORT,6.9,45.9
2026-01-24,quickplay,Asia,samoa,All,라인하르트,TANK,9.5,52.7
2026-01-24,quickplay,Asia,samoa,All,레킹볼,TANK,3.8,44.4
2026-01-24,quickplay,Asia,samoa,All,로드호그,TANK,5.2,43.5
2026-01-24,quickplay,Asia,samoa,All,루시우,SUPPORT,7.7,50.8
2026-01-24,quickplay,Asia,samoa,All,리퍼,DAMAGE,10.9,53.9
2026-01-24,quickplay,Asia,samoa,All,마우가,TANK,5.9,51.8
2026-01-24,quickplay,Asia,samoa,All,메르시,SUPPORT,10.3,47.3
2026-01-24,quickplay,Asia,samoa,All,메이,DAMAGE,6.8,52.6
2026-01-24,quickplay,Asia,samoa,All,모이라,SUPPORT,17.9,50.3
2026-01-24,quickplay,Asia,samoa,All,바스티온,DAMAGE,13.9,50.9
2026-01-24,quickplay,Asia,samoa,All,바티스트,SUPPORT,9.1,48.4
2026-01-24,quickplay,Asia,samoa,All,벤데타,DAMAGE,13.7,54.6
2026-01-24,quickplay,Asia,samoa,All,벤처,DAMAGE,4.9,52.8
2026-01-24,quickplay,Asia,samoa,All,브리기테,SUPPORT,7.1,50.4
2026-01-24,quickplay,Asia,samoa,All,소전,DAMAGE,16.6,46.5
2026-01-24,quickplay,Asia,samoa,All,솔저: 76,DAMAGE,16.9,49.6
2026-01-24,quickplay,Asia,samoa,All,솜브라,DAMAGE,9.2,49.9
2026-01-24,quickplay,Asia,samoa,All,시그마,TANK,9.7,54.4
2026-01-24,quickplay,Asia,samoa,All,시메트라,DAMAGE,4.8,58.0
2026-01-24,quickplay,Asia,samoa,All,아나,SUPPORT,49.4,47.9
2026-01-24,quickplay,Asia,samoa,All,애쉬,DAMAGE,13.1,49.8
2026-01-24,quickplay,Asia,samoa,All,에코,DAMAGE,5.5,50.2
2026-01-24,quickplay,Asia,samoa,All,오리사,TANK,12.6,46.1
2026-01-24,quickplay,Asia,samoa,All,우양,SUPPORT,18.9,52.8
2026-01-24,quickplay,Asia,samoa,All,위도우메이커,DAMAGE,2.0,38.4
2026-01-24,quickplay,Asia,samoa,All,윈스턴,TANK,4.8,48.2
2026-01-24,quickplay,Asia,samoa,All,일리아리,SUPPORT,13.0,57.2
2026-01-24,quickplay,Asia,samoa,All,자리야,TANK,10.6,52.3
2026-01-24,quickplay,Asia,samoa,All,정커퀸,TANK,6.4,56.6
2026-01-24,quickplay,Asia,samoa,All,정크랫,DAMAGE,8.0,49.9
2026-01-24,quickplay,Asia,samoa,All,젠야타,SUPPORT,13.9,53.5
2026-01-24,quickplay,Asia,samoa,All,주노,SUPPORT,14.8,50.9
2026-01-24,quickplay,Asia,samoa,All,캐서디,DAMAGE,25.9,47.6
2026-01-24,quickplay,Asia,samoa,All,키리코,SUPPORT,31.3,46.5
2026-01-24,quickplay,Asia,samoa,All,토르비욘,DAMAGE,4.9,54.2
2026-01-24,quickplay,Asia,samoa,All,트레이서,DAMAGE,9.3,47.9
2026-01-24,quickplay,Asia,samoa,All,파라,DAMAGE,5.3,50.5
2026-01-24,quickplay,Asia,samoa,All,프레야,DAMAGE,6.7,45.3
2026-01-24,quickplay,Asia,samoa,All,한조,DAMAGE,7.3,47.7
2026-01-24,quickplay,Asia,samoa,All,해저드,TANK,2.9,49.8
2026-01-24,quickplay,Asia,lijiang-tower,All,D.Va,TANK,6.8,45.7
2026-01-24,quickplay,Asia,lijiang-tower,All,겐지,DAMAGE,14.4,50.6
2026-01-24,quickplay,Asia,lijiang-tower,All,둠피스트,TANK,18.2,51.5
2026-01-24,quickplay,Asia,lijiang-tower,All,라마트라,TANK,5.9,50.0
2026-01-24,quickplay,Asia,lijiang-tower,All,라이프위버,SUPPORT,6.8,45.1
2026-01-24,quickplay,Asia,lijiang-tower,All,라인하르트,TANK,10.4,53.9
2026-01-24,quickplay,Asia,lijiang-tower,All,레킹볼,TANK,5.1,49.0
2026-01-24,quickplay,Asia,lijiang-tower,All,로드호그,TANK,6.6,44.4
2026-01-24,quickplay,Asia,lijiang-tower,All,루시우,SUPPORT,14.6,54.4
2026-01-24,quickplay,Asia,lijiang-tower,All,리퍼,DAMAGE,9.9,52.6
2026-01-24,quickplay,Asia,lijiang-tower,All,마우가,TANK,3.9,47.6
2026-01-24,quickplay,Asia,lijiang-tower,All,메르시,SUPPORT,11.7,47.4
2026-01-24,quickplay,Asia,lijiang-tower,All,메이,DAMAGE,6.5,51.8
2026-01-24,quickplay,Asia,lijiang-tower,All,모이라,SUPPORT,16.7,51.1
2026-01-24,quickplay,Asia,lijiang-tower,All,바스티온,DAMAGE,12.3,49.5
2026-01-24,quickplay,Asia,lijiang-tower,All,바티스트,SUPPORT,8.1,46.2
2026-01-24,quickplay,Asia,lijiang-tower,All,벤데타,DAMAGE,13.3,54.2
2026-01-24,quickplay,Asia,lijiang-tower,All,벤처,DAMAGE,5.1,53.0
2026-01-24,quickplay,Asia,lijiang-tower,All,브리기테,SUPPORT,6.4,51.4
2026-01-24,quickplay,Asia,lijiang-tower,All,소전,DAMAGE,14.2,45.4
2026-01-24,quickplay,Asia,lijiang-tower,All,솔저: 76,DAMAGE,16.5,47.8
2026-01-24,quickplay,Asia,lijiang-tower,All,솜브라,DAMAGE,7.8,46.1
2026-01-24,quickplay,Asia,lijiang-tower,All,시그마,TANK,7.8,52.1
2026-01-24,quickplay,Asia,lijiang-tower,All,시메트라,DAMAGE,8.7,62.2
2026-01-24,quickplay,Asia,lijiang-tower,All,아나,SUPPORT,48.8,47.1
2026-01-24,quickplay,Asia,lijiang-tower,All,애쉬,DAMAGE,10.7,46.8
2026-01-24,quickplay,Asia,lijiang-tower,All,에코,DAMAGE,5.9,49.7
2026-01-24,quickplay,Asia,lijiang-tower,All,오리사,TANK,12.9,47.7
2026-01-24,quickplay,Asia,lijiang-tower,All,우양,SUPPORT,18.2,52.7
2026-01-24,quickplay,Asia,lijiang-tower,All,위도우메이커,DAMAGE,2.0,39.2
2026-01-24,quickplay,Asia,lijiang-tower,All,윈스턴,TANK,4.4,49.4
2026-01-24,quickplay,Asia,lijiang-tower,All,일리아리,SUPPORT,11.9,55.9
2026-01-24,quickplay,Asia,lijiang-tower,All,자리야,TANK,10.7,51.2
2026-01-24,quickplay,Asia,lijiang-tower,All,정커퀸,TANK,4.9,54.3
2026-01-24,quickplay,Asia,lijiang-tower,All,정크랫,DAMAGE,11.7,52.0
2026-01-24,quickplay,Asia,lijiang-tower,All,젠야타,SUPPORT,13.1,53.1
2026-01-24,quickplay,Asia,lijiang-tower,All,주노,SUPPORT,13.4,49.9
2026-01-24,quickplay,Asia,lijiang-tower,All,캐서디,DAMAGE,25.3,46.2
2026-01-24,quickplay,Asia,lijiang-tower,All,키리코,SUPPORT,30.3,47.3
2026-01-24,quickplay,Asia,lijiang-tower,All,토르비욘,DAMAGE,3.0,54.7
2026-01-24,quickplay,Asia,lijiang-tower,All,트레이서,DAMAGE,7.3,46.7
2026-01-24,quickplay,Asia,lijiang-tower,All,파라,DAMAGE,12.0,55.9
2026-01-24,quickplay,Asia,lijiang-tower,All,프레야,DAMAGE,6.2,44.5
2026-01-24,quickplay,Asia,lijiang-tower,All,한조,DAMAGE,7.3,49.3
2026-01-24,quickplay,Asia,lijiang-tower,All,해저드,TANK,2.5,50.8
2026-01-24,quickplay,Asia,ilios,All,D.Va,TANK,9.4,48.3
2026-01-24,quickplay,Asia,ilios,All,겐지,DAMAGE,15.1,51.1
2026-01-24,quickplay,Asia,ilios,All,둠피스트,TANK,14.9,50.1
2026-01-24,quickplay,Asia,ilios,All,라마트라,TANK,4.8,48.5
2026-01-24,quickplay,Asia,ilios,All,라이프위버,SUPPORT,9.1,46.2
2026-01-24,quickplay,Asia,ilios,All,라인하르트,TANK,7.4,53.4
2026-01-24,quickplay,Asia,ilios,All,레킹볼,TANK,4.2,46.2
2026-01-24,quickplay,Asia,ilios,All,로드호그,TANK,13.5,49.2
2026-01-24,quickplay,Asia,ilios,All,루시우,SUPPORT,17.3,56.2
2026-01-24,quickplay,Asia,ilios,All,리퍼,DAMAGE,11.2,54.4
2026-01-24,quickplay,Asia,ilios,All,마우가,TANK,3.8,48.0
2026-01-24,quickplay,Asia,ilios,All,메르시,SUPPORT,12.5,47.7
2026-01-24,quickplay,Asia,ilios,All,메이,DAMAGE,5.8,51.3
2026-01-24,quickplay,Asia,ilios,All,모이라,SUPPORT,16.7,48.4
2026-01-24,quickplay,Asia,ilios,All,바스티온,DAMAGE,11.4,49.0
2026-01-24,quickplay,Asia,ilios,All,바티스트,SUPPORT,8.1,46.6
2026-01-24,quickplay,Asia,ilios,All,벤데타,DAMAGE,13.8,54.5
2026-01-24,quickplay,Asia,ilios,All,벤처,DAMAGE,5.1,53.7
2026-01-24,quickplay,Asia,ilios,All,브리기테,SUPPORT,7.2,52.1
2026-01-24,quickplay,Asia,ilios,All,소전,DAMAGE,12.6,45.1
2026-01-24,quickplay,Asia,ilios,All,솔저: 76,DAMAGE,16.7,47.7
2026-01-24,quickplay,Asia,ilios,All,솜브라,DAMAGE,9.4,48.3
2026-01-24,quickplay,Asia,ilios,All,시그마,TANK,6.9,52.0
2026-01-24,quickplay,Asia,ilios,All,시메트라,DAMAGE,4.6,56.8
2026-01-24,quickplay,Asia,ilios,All,아나,SUPPORT,44.4,47.7
2026-01-24,quickplay,Asia,ilios,All,애쉬,DAMAGE,12.2,48.4
2026-01-24,quickplay,Asia,ilios,All,에코,DAMAGE,8.4,52.8
2026-01-24,quickplay,Asia,ilios,All,오리사,TANK,12.7,48.5
2026-01-24,quickplay,Asia,ilios,All,우양,SUPPORT,16.0,52.3
2026-01-24,quickplay,Asia,ilios,All,위도우메이커,DAMAGE,4.2,44.0
2026-01-24,quickplay,Asia,ilios,All,윈스턴,TANK,6.5,52.1
2026-01-24,quickplay,Asia,ilios,All,일리아리,SUPPORT,11.3,55.0
2026-01-24,quickplay,Asia,ilios,All,자리야,TANK,7.8,49.0
2026-01-24,quickplay,Asia,ilios,All,정커퀸,TANK,4.9,55.3
2026-01-24,quickplay,Asia,ilios,All,정크랫,DAMAGE,9.1,53.5
2026-01-24,quickplay,Asia,ilios,All,젠야타,SUPPORT,11.7,52.8
2026-01-24,quickplay,Asia,ilios,All,주노,SUPPORT,14.4,50.5
2026-01-24,quickplay,Asia,ilios,All,캐서디,DAMAGE,24.2,45.9
2026-01-24,quickplay,Asia,ilios,All,키리코,SUPPORT,31.4,47.2
2026-01-24,quickplay,Asia,ilios,All,토르비욘,DAMAGE,3.3,54.5
2026-01-24,quickplay,Asia,ilios,All,트레이서,DAMAGE,7.6,47.7
2026-01-24,quickplay,Asia,ilios,All,파라,DAMAGE,11.3,54.7
2026-01-24,quickplay,Asia,ilios,All,프레야,DAMAGE,7.3,46.0
2026-01-24,quickplay,Asia,ilios,All,한조,DAMAGE,6.7,48.1
2026-01-24,quickplay,Asia,ilios,All,해저드,TANK,3.0,51.1
2026-01-24,quickplay,Asia,busan,All,D.Va,TANK,10.1,49.0
2026-01-24,quickplay,Asia,busan,All,겐지,DAMAGE,14.6,49.8
2026-01-24,quickplay,Asia,busan,All,둠피스트,TANK,14.6,49.1
2026-01-24,quickplay,Asia,busan,All,라마트라,TANK,6.4,51.4
2026-01-24,quickplay,Asia,busan,All,라이프위버,SUPPORT,7.2,48.0
2026-01-24,quickplay,Asia,busan,All,라인하르트,TANK,9.4,52.3
2026-01-24,quickplay,Asia,busan,All,레킹볼,TANK,4.4,46.9
2026-01-24,quickplay,Asia,busan,All,로드호그,TANK,5.5,44.1
2026-01-24,quickplay,Asia,busan,All,루시우,SUPPORT,8.0,50.4
2026-01-24,quickplay,Asia,busan,All,리퍼,DAMAGE,10.7,52.2
2026-01-24,quickplay,Asia,busan,All,마우가,TANK,4.5,50.2
2026-01-24,quickplay,Asia,busan,All,메르시,SUPPORT,12.1,46.5
2026-01-24,quickplay,Asia,busan,All,메이,DAMAGE,6.5,52.9
2026-01-24,quickplay,Asia,busan,All,모이라,SUPPORT,18.7,50.3
2026-01-24,quickplay,Asia,busan,All,바스티온,DAMAGE,13.1,50.3
2026-01-24,quickplay,Asia,busan,All,바티스트,SUPPORT,8.6,47.9
2026-01-24,quickplay,Asia,busan,All,벤데타,DAMAGE,13.5,53.7
2026-01-24,quickplay,Asia,busan,All,벤처,DAMAGE,4.3,51.7
2026-01-24,quickplay,Asia,busan,All,브리기테,SUPPORT,6.1,50.3
2026-01-24,quickplay,Asia,busan,All,소전,DAMAGE,15.1,46.5
2026-01-24,quickplay,Asia,busan,All,솔저: 76,DAMAGE,20.3,51.1
2026-01-24,quickplay,Asia,busan,All,솜브라,DAMAGE,9.9,48.3
2026-01-24,quickplay,Asia,busan,All,시그마,TANK,9.5,53.7
2026-01-24,quickplay,Asia,busan,All,시메트라,DAMAGE,4.0,56.6
2026-01-24,quickplay,Asia,busan,All,아나,SUPPORT,47.4,47.8
2026-01-24,quickplay,Asia,busan,All,애쉬,DAMAGE,14.6,51.1
2026-01-24,quickplay,Asia,busan,All,에코,DAMAGE,5.0,49.7
2026-01-24,quickplay,Asia,busan,All,오리사,TANK,11.6,46.1
2026-01-24,quickplay,Asia,busan,All,우양,SUPPORT,18.0,53.3
2026-01-24,quickplay,Asia,busan,All,위도우메이커,DAMAGE,5.4,45.4
2026-01-24,quickplay,Asia,busan,All,윈스턴,TANK,6.5,50.8
2026-01-24,quickplay,Asia,busan,All,일리아리,SUPPORT,11.8,56.4
2026-01-24,quickplay,Asia,busan,All,자리야,TANK,9.8,52.0
2026-01-24,quickplay,Asia,busan,All,정커퀸,TANK,5.0,54.7
2026-01-24,quickplay,Asia,busan,All,정크랫,DAMAGE,8.8,50.0
2026-01-24,quickplay,Asia,busan,All,젠야타,SUPPORT,14.1,54.1
2026-01-24,quickplay,Asia,busan,All,주노,SUPPORT,15.3,50.6
2026-01-24,quickplay,Asia,busan,All,캐서디,DAMAGE,23.5,49.0
2026-01-24,quickplay,Asia,busan,All,키리코,SUPPORT,32.6,47.2
2026-01-24,quickplay,Asia,busan,All,토르비욘,DAMAGE,3.7,55.6
2026-01-24,quickplay,Asia,busan,All,트레이서,DAMAGE,7.4,46.8
2026-01-24,quickplay,Asia,busan,All,파라,DAMAGE,5.0,49.5
2026-01-24,quickplay,Asia,busan,All,프레야,DAMAGE,6.8,46.1
2026-01-24,quickplay,Asia,busan,All,한조,DAMAGE,7.6,47.5
2026-01-24,quickplay,Asia,busan,All,해저드,TANK,2.9,50.1
2026-01-24,quickplay,Asia,dorado,All,D.Va,TANK,15.1,49.5
2026-01-24,quickplay,Asia,dorado,All,겐지,DAMAGE,16.2,50.2
2026-01-24,quickplay,Asia,dorado,All,둠피스트,TANK,14.9,51.0
2026-01-24,quickplay,Asia,dorado,All,라마트라,TANK,5.1,49.4
2026-01-24,quickplay,Asia,dorado,All,라이프위버,SUPPORT,9.5,48.5
2026-01-24,quickplay,Asia,dorado,All,라인하르트,TANK,7.2,50.9
2026-01-24,quickplay,Asia,dorado,All,레킹볼,TANK,3.8,52.7
2026-01-24,quickplay,Asia,dorado,All,로드호그,TANK,4.9,42.1
2026-01-24,quickplay,Asia,dorado,All,루시우,SUPPORT,5.0,47.7
2026-01-24,quickplay,Asia,dorado,All,리퍼,DAMAGE,10.3,52.8
2026-01-24,quickplay,Asia,dorado,All,마우가,TANK,3.4,47.9
2026-01-24,quickplay,Asia,dorado,All,메르시,SUPPORT,15.0,47.5
2026-01-24,quickplay,Asia,dorado,All,메이,DAMAGE,5.5,53.6
2026-01-24,quickplay,Asia,dorado,All,모이라,SUPPORT,13.7,47.6
2026-01-24,quickplay,Asia,dorado,All,바스티온,DAMAGE,12.4,48.8
2026-01-24,quickplay,Asia,dorado,All,바티스트,SUPPORT,9.8,48.4
2026-01-24,quickplay,Asia,dorado,All,벤데타,DAMAGE,12.8,55.4
2026-01-24,quickplay,Asia,dorado,All,벤처,DAMAGE,3.7,53.6
2026-01-24,quickplay,Asia,dorado,All,브리기테,SUPPORT,5.0,49.2
2026-01-24,quickplay,Asia,dorado,All,소전,DAMAGE,12.8,44.0
2026-01-24,quickplay,Asia,dorado,All,솔저: 76,DAMAGE,18.4,49.4
2026-01-24,quickplay,Asia,dorado,All,솜브라,DAMAGE,8.3,46.7
2026-01-24,quickplay,Asia,dorado,All,시그마,TANK,12.4,54.8
2026-01-24,quickplay,Asia,dorado,All,시메트라,DAMAGE,4.1,55.6
2026-01-24,quickplay,Asia,dorado,All,아나,SUPPORT,50.8,49.1
2026-01-24,quickplay,Asia,dorado,All,애쉬,DAMAGE,21.0,54.1
2026-01-24,quickplay,Asia,dorado,All,에코,DAMAGE,7.7,52.2
2026-01-24,quickplay,Asia,dorado,All,오리사,TANK,9.5,44.5
2026-01-24,quickplay,Asia,dorado,All,우양,SUPPORT,16.4,53.3
2026-01-24,quickplay,Asia,dorado,All,위도우메이커,DAMAGE,4.5,45.8
2026-01-24,quickplay,Asia,dorado,All,윈스턴,TANK,10.8,54.0
2026-01-24,quickplay,Asia,dorado,All,일리아리,SUPPORT,15.7,57.5
2026-01-24,quickplay,Asia,dorado,All,자리야,TANK,6.9,46.3
2026-01-24,quickplay,Asia,dorado,All,정커퀸,TANK,2.9,52.2
2026-01-24,quickplay,Asia,dorado,All,정크랫,DAMAGE,9.5,50.9
2026-01-24,quickplay,Asia,dorado,All,젠야타,SUPPORT,12.9,55.1
2026-01-24,quickplay,Asia,dorado,All,주노,SUPPORT,14.2,48.7
2026-01-24,quickplay,Asia,dorado,All,캐서디,DAMAGE,20.2,45.7
2026-01-24,quickplay,Asia,dorado,All,키리코,SUPPORT,32.0,47.0
2026-01-24,quickplay,Asia,dorado,All,토르비욘,DAMAGE,4.4,56.7
2026-01-24,quickplay,Asia,dorado,All,트레이서,DAMAGE,4.2,44.9
2026-01-24,quickplay,Asia,dorado,All,파라,DAMAGE,6.5,50.0
2026-01-24,quickplay,Asia,dorado,All,프레야,DAMAGE,8.8,45.6
2026-01-24,quickplay,Asia,dorado,All,한조,DAMAGE,8.7,49.3
2026-01-24,quickplay,Asia,dorado,All,해저드,TANK,3.1,49.2
2026-01-24,quickplay,Asia,rialto,All,D.Va,TANK,9.8,47.0
2026-01-24,quickplay,Asia,rialto,All,겐지,DAMAGE,14.3,50.2
2026-01-24,quickplay,Asia,rialto,All,둠피스트,TANK,14.5,49.7
2026-01-24,quickplay,Asia,rialto,All,라마트라,TANK,6.1,49.3
2026-01-24,quickplay,Asia,rialto,All,라이프위버,SUPPORT,9.2,47.4
2026-01-24,quickplay,Asia,rialto,All,라인하르트,TANK,8.9,53.2
2026-01-24,quickplay,Asia,rialto,All,레킹볼,TANK,3.5,48.5
2026-01-24,quickplay,Asia,rialto,All,로드호그,TANK,6.0,44.7
2026-01-24,quickplay,Asia,rialto,All,루시우,SUPPORT,4.7,49.8
2026-01-24,quickplay,Asia,rialto,All,리퍼,DAMAGE,7.5,52.3
2026-01-24,quickplay,Asia,rialto,All,마우가,TANK,3.5,45.3
2026-01-24,quickplay,Asia,rialto,All,메르시,SUPPORT,13.2,46.9
2026-01-24,quickplay,Asia,rialto,All,메이,DAMAGE,6.2,55.8
2026-01-24,quickplay,Asia,rialto,All,모이라,SUPPORT,11.1,47.9
2026-01-24,quickplay,Asia,rialto,All,바스티온,DAMAGE,13.4,50.8
2026-01-24,quickplay,Asia,rialto,All,바티스트,SUPPORT,9.3,48.9
2026-01-24,quickplay,Asia,rialto,All,벤데타,DAMAGE,10.8,53.0
2026-01-24,quickplay,Asia,rialto,All,벤처,DAMAGE,3.5,53.4
2026-01-24,quickplay,Asia,rialto,All,브리기테,SUPPORT,3.8,50.0
2026-01-24,quickplay,Asia,rialto,All,소전,DAMAGE,14.5,44.3
2026-01-24,quickplay,Asia,rialto,All,솔저: 76,DAMAGE,16.6,48.4
2026-01-24,quickplay,Asia,rialto,All,솜브라,DAMAGE,7.6,48.7
2026-01-24,quickplay,Asia,rialto,All,시그마,TANK,16.0,57.3
2026-01-24,quickplay,Asia,rialto,All,시메트라,DAMAGE,3.5,54.4
2026-01-24,quickplay,Asia,rialto,All,아나,SUPPORT,57.4,48.8
2026-01-24,quickplay,Asia,rialto,All,애쉬,DAMAGE,23.8,52.7
2026-01-24,quickplay,Asia,rialto,All,에코,DAMAGE,6.1,51.5
2026-01-24,quickplay,Asia,rialto,All,오리사,TANK,10.9,45.8
2026-01-24,quickplay,Asia,rialto,All,우양,SUPPORT,16.1,52.5
2026-01-24,quickplay,Asia,rialto,All,위도우메이커,DAMAGE,10.1,48.0
2026-01-24,quickplay,Asia,rialto,All,윈스턴,TANK,6.8,50.1
2026-01-24,quickplay,Asia,rialto,All,일리아리,SUPPORT,17.4,56.7
2026-01-24,quickplay,Asia,rialto,All,자리야,TANK,8.0,49.8
2026-01-24,quickplay,Asia,rialto,All,정커퀸,TANK,3.5,53.6
2026-01-24,quickplay,Asia,rialto,All,정크랫,DAMAGE,8.6,52.5
2026-01-24,quickplay,Asia,rialto,All,젠야타,SUPPORT,16.9,55.8
2026-01-24,quickplay,Asia,rialto,All,주노,SUPPORT,12.9,48.7
2026-01-24,quickplay,Asia,rialto,All,캐서디,DAMAGE,18.2,45.0
2026-01-24,quickplay,Asia,rialto,All,키리코,SUPPORT,28.0,46.0
2026-01-24,quickplay,Asia,rialto,All,토르비욘,DAMAGE,4.5,56.9
2026-01-24,quickplay,Asia,rialto,All,트레이서,DAMAGE,4.5,47.2
2026-01-24,quickplay,Asia,rialto,All,파라,DAMAGE,6.1,51.3
2026-01-24,quickplay,Asia,rialto,All,프레야,DAMAGE,8.9,45.2
2026-01-24,quickplay,Asia,rialto,All,한조,DAMAGE,11.4,51.0
2026-01-24,quickplay,Asia,rialto,All,해저드,TANK,2.4,46.9
2026-01-24,quickplay,Asia,shambali-monastery,All,D.Va,TANK,7.3,45.2
2026-01-24,quickplay,Asia,shambali-monastery,All,겐지,DAMAGE,14.0,51.0
2026-01-24,quickplay,Asia,shambali-monastery,All,둠피스트,TANK,14.1,48.9
2026-01-24,quickplay,Asia,shambali-monastery,All,라마트라,TANK,8.0,50.3
2026-01-24,quickplay,Asia,shambali-monastery,All,라이프위버,SUPPORT,8.3,47.4
2026-01-24,quickplay,Asia,shambali-monastery,All,라인하르트,TANK,8.8,53.1
2026-01-24,quickplay,Asia,shambali-monastery,All,레킹볼,TANK,3.4,49.4
2026-01-24,quickplay,Asia,shambali-monastery,All,로드호그,TANK,4.6,42.4
2026-01-24,quickplay,Asia,shambali-monastery,All,루시우,SUPPORT,4.4,48.8
2026-01-24,quickplay,Asia,shambali-monastery,All,리퍼,DAMAGE,7.7,52.0
2026-01-24,quickplay,Asia,shambali-monastery,All,마우가,TANK,3.6,44.8
2026-01-24,quickplay,Asia,shambali-monastery,All,메르시,SUPPORT,13.0,48.0
2026-01-24,quickplay,Asia,shambali-monastery,All,메이,DAMAGE,6.7,55.3
2026-01-24,quickplay,Asia,shambali-monastery,All,모이라,SUPPORT,12.2,48.4
2026-01-24,quickplay,Asia,shambali-monastery,All,바스티온,DAMAGE,13.8,50.9
2026-01-24,quickplay,Asia,shambali-monastery,All,바티스트,SUPPORT,9.8,48.6
2026-01-24,quickplay,Asia,shambali-monastery,All,벤데타,DAMAGE,11.2,54.0
2026-01-24,quickplay,Asia,shambali-monastery,All,벤처,DAMAGE,3.9,53.4
2026-01-24,quickplay,Asia,shambali-monastery,All,브리기테,SUPPORT,3.9,49.1
2026-01-24,quickplay,Asia,shambali-monastery,All,소전,DAMAGE,15.4,44.6
2026-01-24,quickplay,Asia,shambali-monastery,All,솔저: 76,DAMAGE,16.5,47.7
2026-01-24,quickplay,Asia,shambali-monastery,All,솜브라,DAMAGE,7.5,49.4
2026-01-24,quickplay,Asia,shambali-monastery,All,시그마,TANK,19.2,58.9
2026-01-24,quickplay,Asia,shambali-monastery,All,시메트라,DAMAGE,3.8,55.8
2026-01-24,quickplay,Asia,shambali-monastery,All,아나,SUPPORT,54.7,47.5
2026-01-24,quickplay,Asia,shambali-monastery,All,애쉬,DAMAGE,22.4,53.1
2026-01-24,quickplay,Asia,shambali-monastery,All,에코,DAMAGE,6.5,51.6
2026-01-24,quickplay,Asia,shambali-monastery,All,오리사,TANK,11.1,45.8
2026-01-24,quickplay,Asia,shambali-monastery,All,우양,SUPPORT,17.4,52.8
2026-01-24,quickplay,Asia,shambali-monastery,All,위도우메이커,DAMAGE,5.9,44.7
2026-01-24,quickplay,Asia,shambali-monastery,All,윈스턴,TANK,5.0,47.3
2026-01-24,quickplay,Asia,shambali-monastery,All,일리아리,SUPPORT,18.7,56.8
2026-01-24,quickplay,Asia,shambali-monastery,All,자리야,TANK,8.6,48.7
2026-01-24,quickplay,Asia,shambali-monastery,All,정커퀸,TANK,3.7,52.1
2026-01-24,quickplay,Asia,shambali-monastery,All,정크랫,DAMAGE,9.6,52.9
2026-01-24,quickplay,Asia,shambali-monastery,All,젠야타,SUPPORT,16.6,55.2
2026-01-24,quickplay,Asia,shambali-monastery,All,주노,SUPPORT,13.1,49.6
2026-01-24,quickplay,Asia,shambali-monastery,All,캐서디,DAMAGE,19.2,45.2
2026-01-24,quickplay,Asia,shambali-monastery,All,키리코,SUPPORT,28.0,46.4
2026-01-24,quickplay,Asia,shambali-monastery,All,토르비욘,DAMAGE,4.7,56.9
2026-01-24,quickplay,Asia,shambali-monastery,All,트레이서,DAMAGE,4.4,44.9
2026-01-24,quickplay,Asia,shambali-monastery,All,파라,DAMAGE,5.8,49.6
2026-01-24,quickplay,Asia,shambali-monastery,All,프레야,DAMAGE,9.5,45.7
2026-01-24,quickplay,Asia,shambali-monastery,All,한조,DAMAGE,11.5,50.1
2026-01-24,quickplay,Asia,shambali-monastery,All,해저드,TANK,2.6,46.4
2026-01-24,quickplay,Asia,route-66,All,D.Va,TANK,11.6,49.2
2026-01-24,quickplay,Asia,route-66,All,겐지,DAMAGE,14.8,51.9
2026-01-24,quickplay,Asia,route-66,All,둠피스트,TANK,13.4,51.4
2026-01-24,quickplay,Asia,route-66,All,라마트라,TANK,5.7,50.0
2026-01-24,quickplay,Asia,route-66,All,라이프위버,SUPPORT,8.9,48.4
2026-01-24,quickplay,Asia,route-66,All,라인하르트,TANK,7.7,50.2
2026-01-24,quickplay,Asia,route-66,All,레킹볼,TANK,3.7,51.1
2026-01-24,quickplay,Asia,route-66,All,로드호그,TANK,5.4,43.6
2026-01-24,quickplay,Asia,route-66,All,루시우,SUPPORT,5.1,49.9
2026-01-24,quickplay,Asia,route-66,All,리퍼,DAMAGE,8.8,52.8
2026-01-24,quickplay,Asia,route-66,All,마우가,TANK,3.7,46.2
2026-01-24,quickplay,Asia,route-66,All,메르시,SUPPORT,15.3,48.6
2026-01-24,quickplay,Asia,route-66,All,메이,DAMAGE,5.6,54.6
2026-01-24,quickplay,Asia,route-66,All,모이라,SUPPORT,13.7,47.0
2026-01-24,quickplay,Asia,route-66,All,바스티온,DAMAGE,13.2,49.4
2026-01-24,quickplay,Asia,route-66,All,바티스트,SUPPORT,9.3,48.8
2026-01-24,quickplay,Asia,route-66,All,벤데타,DAMAGE,11.0,55.4
2026-01-24,quickplay,Asia,route-66,All,벤처,DAMAGE,3.5,54.2
2026-01-24,quickplay,Asia,route-66,All,브리기테,SUPPORT,4.1,50.8
2026-01-24,quickplay,Asia,route-66,All,소전,DAMAGE,14.1,44.8
2026-01-24,quickplay,Asia,route-66,All,솔저: 76,DAMAGE,18.7,48.9
2026-01-24,quickplay,Asia,route-66,All,솜브라,DAMAGE,8.1,47.9
2026-01-24,quickplay,Asia,route-66,All,시그마,TANK,15.3,56.2
2026-01-24,quickplay,Asia,route-66,All,시메트라,DAMAGE,3.0,54.0
2026-01-24,quickplay,Asia,route-66,All,아나,SUPPORT,53.5,49.2
2026-01-24,quickplay,Asia,route-66,All,애쉬,DAMAGE,23.1,52.3
2026-01-24,quickplay,Asia,route-66,All,에코,DAMAGE,5.8,52.3
2026-01-24,quickplay,Asia,route-66,All,오리사,TANK,10.9,44.7
2026-01-24,quickplay,Asia,route-66,All,우양,SUPPORT,15.9,52.4
2026-01-24,quickplay,Asia,route-66,All,위도우메이커,DAMAGE,7.3,45.6
2026-01-24,quickplay,Asia,route-66,All,윈스턴,TANK,8.7,51.8
2026-01-24,quickplay,Asia,route-66,All,일리아리,SUPPORT,16.3,56.4
2026-01-24,quickplay,Asia,route-66,All,자리야,TANK,7.7,47.8
2026-01-24,quickplay,Asia,route-66,All,정커퀸,TANK,3.1,51.8
2026-01-24,quickplay,Asia,route-66,All,정크랫,DAMAGE,8.8,52.1
2026-01-24,quickplay,Asia,route-66,All,젠야타,SUPPORT,14.7,55.5
2026-01-24,quickplay,Asia,route-66,All,주노,SUPPORT,14.7,49.2
2026-01-24,quickplay,Asia,route-66,All,캐서디,DAMAGE,20.1,45.5
2026-01-24,quickplay,Asia,route-66,All,키리코,SUPPORT,28.6,45.7
2026-01-24,quickplay,Asia,route-66,All,토르비욘,DAMAGE,4.8,54.9
2026-01-24,quickplay,Asia,route-66,All,트레이서,DAMAGE,4.8,46.6
2026-01-24,quickplay,Asia,route-66,All,파라,DAMAGE,5.5,49.8
2026-01-24,quickplay,Asia,route-66,All,프레야,DAMAGE,9.1,47.3
2026-01-24,quickplay,Asia,route-66,All,한조,DAMAGE,10.0,49.9
2026-01-24,quickplay,Asia,route-66,All,해저드,TANK,3.0,49.8
2026-01-24,quickplay,Asia,watchpoint-gibraltar,All,D.Va,TANK,17.3,49.9
2026-01-24,quickplay,Asia,watchpoint-gibraltar,All,겐지,DAMAGE,17.0,51.3
2026-01-24,quickplay,Asia,watchpoint-gibraltar,All,둠피스트,TANK,14.6,50.4
2026-01-24,quickplay,Asia,watchpoint-gibraltar,All,라마트라,TANK,4.5,48.7
2026-01-24,quickplay,Asia,watchpoint-gibraltar,All,라이프위버,SUPPORT,9.8,48.3
2026-01-24,quickplay,Asia,watchpoint-gibraltar,All,라인하르트,TANK,6.1,48.4
2026-01-24,quickplay,Asia,watchpoint-gibraltar,All,레킹볼,TANK,3.9,51.4
2026-01-24,quickplay,Asia,watchpoint-gibraltar,All,로드호그,TANK,4.8,42.9
2026-01-24,quickplay,Asia,watchpoint-gibraltar,All,루시우,SUPPORT,4.9,49.2
2026-01-24,quickplay,Asia,watchpoint-gibraltar,All,리퍼,DAMAGE,9.9,51.6
2026-01-24,quickplay,Asia,watchpoint-gibraltar,All,마우가,TANK,3.2,46.6
2026-01-24,quickplay,Asia,watchpoint-gibraltar,All,메르시,SUPPORT,16.3,46.8
2026-01-24,quickplay,Asia,watchpoint-gibraltar,All,메이,DAMAGE,4.7,52.4
2026-01-24,quickplay,Asia,watchpoint-gibraltar,All,모이라,SUPPORT,13.4,48.0
2026-01-24,quickplay,Asia,watchpoint-gibraltar,All,바스티온,DAMAGE,11.6,48.6
2026-01-24,quickplay,Asia,watchpoint-gibraltar,All,바티스트,SUPPORT,9.6,48.4
2026-01-24,quickplay,Asia,watchpoint-gibraltar,All,벤데타,DAMAGE,11.7,54.3
2026-01-24,quickplay,Asia,watchpoint-gibraltar,All,벤처,DAMAGE,3.2,52.0
2026-01-24,quickplay,Asia,watchpoint-gibraltar,All,브리기테,SUPPORT,4.6,51.4
2026-01-24,quickplay,Asia,watchpoint-gibraltar,All,소전,DAMAGE,12.3,44.8
2026-01-24,quickplay,Asia,watchpoint-gibraltar,All,솔저: 76,DAMAGE,19.3,49.3
2026-01-24,quickplay,Asia,watchpoint-gibraltar,All,솜브라,DAMAGE,8.7,46.0
2026-01-24,quickplay,Asia,watchpoint-gibraltar,All,시그마,TANK,10.5,54.9
2026-01-24,quickplay,Asia,watchpoint-gibraltar,All,시메트라,DAMAGE,3.3,51.7
2026-01-24,quickplay,Asia,watchpoint-gibraltar,All,아나,SUPPORT,51.6,49.4
2026-01-24,quickplay,Asia,watchpoint-gibraltar,All,애쉬,DAMAGE,23.0,55.0
2026-01-24,quickplay,Asia,watchpoint-gibraltar,All,에코,DAMAGE,7.2,51.1
2026-01-24,quickplay,Asia,watchpoint-gibraltar,All,오리사,TANK,9.3,45.1
2026-01-24,quickplay,Asia,watchpoint-gibraltar,All,우양,SUPPORT,14.6,53.1
2026-01-24,quickplay,Asia,watchpoint-gibraltar,All,위도우메이커,DAMAGE,8.0,47.3
2026-01-24,quickplay,Asia,watchpoint-gibraltar,All,윈스턴,TANK,14.2,54.3
2026-01-24,quickplay,Asia,watchpoint-gibraltar,All,일리아리,SUPPORT,14.6,57.5
2026-01-24,quickplay,Asia,watchpoint-gibraltar,All,자리야,TANK,5.9,48.3
2026-01-24,quickplay,Asia,watchpoint-gibraltar,All,정커퀸,TANK,2.2,51.8
2026-01-24,quickplay,Asia,watchpoint-gibraltar,All,정크랫,DAMAGE,8.0,51.0
2026-01-24,quickplay,Asia,watchpoint-gibraltar,All,젠야타,SUPPORT,12.5,54.1
2026-01-24,quickplay,Asia,watchpoint-gibraltar,All,주노,SUPPORT,14.5,49.8
2026-01-24,quickplay,Asia,watchpoint-gibraltar,All,캐서디,DAMAGE,18.4,46.0
2026-01-24,quickplay,Asia,watchpoint-gibraltar,All,키리코,SUPPORT,33.7,46.8
2026-01-24,quickplay,Asia,watchpoint-gibraltar,All,토르비욘,DAMAGE,4.7,56.3
2026-01-24,quickplay,Asia,watchpoint-gibraltar,All,트레이서,DAMAGE,5.4,46.2
2026-01-24,quickplay,Asia,watchpoint-gibraltar,All,파라,DAMAGE,5.6,51.1
2026-01-24,quickplay,Asia,watchpoint-gibraltar,All,프레야,DAMAGE,9.0,47.1
2026-01-24,quickplay,Asia,watchpoint-gibraltar,All,한조,DAMAGE,9.3,50.1
2026-01-24,quickplay,Asia,watchpoint-gibraltar,All,해저드,TANK,3.3,48.7
2026-01-24,quickplay,Asia,circuit-royal,All,D.Va,TANK,6.5,43.2
2026-01-24,quickplay,Asia,circuit-royal,All,겐지,DAMAGE,13.0,50.2
2026-01-24,quickplay,Asia,circuit-royal,All,둠피스트,TANK,12.4,49.4
2026-01-24,quickplay,Asia,circuit-royal,All,라마트라,TANK,7.2,47.6
2026-01-24,quickplay,Asia,circuit-royal,All,라이프위버,SUPPORT,9.1,46.4
2026-01-24,quickplay,Asia,circuit-royal,All,라인하르트,TANK,8.7,50.3
2026-01-24,quickplay,Asia,circuit-royal,All,레킹볼,TANK,3.4,47.8
2026-01-24,quickplay,Asia,circuit-royal,All,로드호그,TANK,3.7,37.5
2026-01-24,quickplay,Asia,circuit-royal,All,루시우,SUPPORT,3.6,46.7
2026-01-24,quickplay,Asia,circuit-royal,All,리퍼,DAMAGE,6.4,50.6
2026-01-24,quickplay,Asia,circuit-royal,All,마우가,TANK,3.3,46.3
2026-01-24,quickplay,Asia,circuit-royal,All,메르시,SUPPORT,13.4,48.5
2026-01-24,quickplay,Asia,circuit-royal,All,메이,DAMAGE,6.5,55.8
2026-01-24,quickplay,Asia,circuit-royal,All,모이라,SUPPORT,10.5,48.7
2026-01-24,quickplay,Asia,circuit-royal,All,바스티온,DAMAGE,13.8,51.4
2026-01-24,quickplay,Asia,circuit-royal,All,바티스트,SUPPORT,10.8,48.5
2026-01-24,quickplay,Asia,circuit-royal,All,벤데타,DAMAGE,9.4,52.7
2026-01-24,quickplay,Asia,circuit-royal,All,벤처,DAMAGE,3.0,51.4
2026-01-24,quickplay,Asia,circuit-royal,All,브리기테,SUPPORT,2.8,46.7
2026-01-24,quickplay,Asia,circuit-royal,All,소전,DAMAGE,16.3,46.4
2026-01-24,quickplay,Asia,circuit-royal,All,솔저: 76,DAMAGE,15.9,48.2
2026-01-24,quickplay,Asia,circuit-royal,All,솜브라,DAMAGE,7.0,47.3
2026-01-24,quickplay,Asia,circuit-royal,All,시그마,TANK,27.7,61.4
2026-01-24,quickplay,Asia,circuit-royal,All,시메트라,DAMAGE,3.3,54.5
2026-01-24,quickplay,Asia,circuit-royal,All,아나,SUPPORT,57.1,47.2
2026-01-24,quickplay,Asia,circuit-royal,All,애쉬,DAMAGE,25.9,54.7
2026-01-24,quickplay,Asia,circuit-royal,All,에코,DAMAGE,4.6,49.4
2026-01-24,quickplay,Asia,circuit-royal,All,오리사,TANK,9.8,43.9
2026-01-24,quickplay,Asia,circuit-royal,All,우양,SUPPORT,15.5,52.3
2026-01-24,quickplay,Asia,circuit-royal,All,위도우메이커,DAMAGE,14.8,49.0
2026-01-24,quickplay,Asia,circuit-royal,All,윈스턴,TANK,5.0,45.6
2026-01-24,quickplay,Asia,circuit-royal,All,일리아리,SUPPORT,21.0,56.5
2026-01-24,quickplay,Asia,circuit-royal,All,자리야,TANK,7.7,47.9
2026-01-24,quickplay,Asia,circuit-royal,All,정커퀸,TANK,2.9,50.8
2026-01-24,quickplay,Asia,circuit-royal,All,정크랫,DAMAGE,7.8,50.1
2026-01-24,quickplay,Asia,circuit-royal,All,젠야타,SUPPORT,18.5,56.7
2026-01-24,quickplay,Asia,circuit-royal,All,주노,SUPPORT,13.4,50.1
2026-01-24,quickplay,Asia,circuit-royal,All,캐서디,DAMAGE,15.4,45.0
2026-01-24,quickplay,Asia,circuit-royal,All,키리코,SUPPORT,24.3,45.7
2026-01-24,quickplay,Asia,circuit-royal,All,토르비욘,DAMAGE,4.3,55.1
2026-01-24,quickplay,Asia,circuit-royal,All,트레이서,DAMAGE,2.8,42.2
2026-01-24,quickplay,Asia,circuit-royal,All,파라,DAMAGE,5.5,49.7
2026-01-24,quickplay,Asia,circuit-royal,All,프레야,DAMAGE,11.0,46.8
2026-01-24,quickplay,Asia,circuit-royal,All,한조,DAMAGE,13.3,51.0
2026-01-24,quickplay,Asia,circuit-royal,All,해저드,TANK,1.7,45.7
2026-01-24,quickplay,Asia,junkertown,All,D.Va,TANK,9.8,46.6
2026-01-24,quickplay,Asia,junkertown,All,겐지,DAMAGE,14.3,50.6
2026-01-24,quickplay,Asia,junkertown,All,둠피스트,TANK,13.0,49.4
2026-01-24,quickplay,Asia,junkertown,All,라마트라,TANK,5.9,48.5
2026-01-24,quickplay,Asia,junkertown,All,라이프위버,SUPPORT,8.9,48.5
2026-01-24,quickplay,Asia,junkertown,All,라인하르트,TANK,7.9,50.9
2026-01-24,quickplay,Asia,junkertown,All,레킹볼,TANK,4.2,52.4
2026-01-24,quickplay,Asia,junkertown,All,로드호그,TANK,5.4,43.4
2026-01-24,quickplay,Asia,junkertown,All,루시우,SUPPORT,4.4,47.9
2026-01-24,quickplay,Asia,junkertown,All,리퍼,DAMAGE,8.0,53.3
2026-01-24,quickplay,Asia,junkertown,All,마우가,TANK,3.8,48.7
2026-01-24,quickplay,Asia,junkertown,All,메르시,SUPPORT,14.0,45.4
2026-01-24,quickplay,Asia,junkertown,All,메이,DAMAGE,5.6,53.9
2026-01-24,quickplay,Asia,junkertown,All,모이라,SUPPORT,12.9,48.5
2026-01-24,quickplay,Asia,junkertown,All,바스티온,DAMAGE,13.2,49.3
2026-01-24,quickplay,Asia,junkertown,All,바티스트,SUPPORT,9.4,47.8
2026-01-24,quickplay,Asia,junkertown,All,벤데타,DAMAGE,10.4,54.4
2026-01-24,quickplay,Asia,junkertown,All,벤처,DAMAGE,3.2,52.6
2026-01-24,quickplay,Asia,junkertown,All,브리기테,SUPPORT,3.7,49.2
2026-01-24,quickplay,Asia,junkertown,All,소전,DAMAGE,14.5,45.7
2026-01-24,quickplay,Asia,junkertown,All,솔저: 76,DAMAGE,18.5,50.3
2026-01-24,quickplay,Asia,junkertown,All,솜브라,DAMAGE,9.3,48.6
2026-01-24,quickplay,Asia,junkertown,All,시그마,TANK,18.2,57.9
2026-01-24,quickplay,Asia,junkertown,All,시메트라,DAMAGE,2.8,52.1
2026-01-24,quickplay,Asia,junkertown,All,아나,SUPPORT,55.1,49.2
2026-01-24,quickplay,Asia,junkertown,All,애쉬,DAMAGE,23.7,54.0
2026-01-24,quickplay,Asia,junkertown,All,에코,DAMAGE,4.7,51.2
2026-01-24,quickplay,Asia,junkertown,All,오리사,TANK,10.8,45.2
2026-01-24,quickplay,Asia,junkertown,All,우양,SUPPORT,16.1,53.0
2026-01-24,quickplay,Asia,junkertown,All,위도우메이커,DAMAGE,11.6,48.7
2026-01-24,quickplay,Asia,junkertown,All,윈스턴,TANK,7.3,51.4
2026-01-24,quickplay,Asia,junkertown,All,일리아리,SUPPORT,16.6,57.4
2026-01-24,quickplay,Asia,junkertown,All,자리야,TANK,7.1,47.1
2026-01-24,quickplay,Asia,junkertown,All,정커퀸,TANK,3.9,54.8
2026-01-24,quickplay,Asia,junkertown,All,정크랫,DAMAGE,8.7,51.0
2026-01-24,quickplay,Asia,junkertown,All,젠야타,SUPPORT,16.1,56.3
2026-01-24,quickplay,Asia,junkertown,All,주노,SUPPORT,13.9,48.6
2026-01-24,quickplay,Asia,junkertown,All,캐서디,DAMAGE,19.5,46.0
2026-01-24,quickplay,Asia,junkertown,All,키리코,SUPPORT,28.8,46.2
2026-01-24,quickplay,Asia,junkertown,All,토르비욘,DAMAGE,4.4,54.6
2026-01-24,quickplay,Asia,junkertown,All,트레이서,DAMAGE,4.3,45.7
2026-01-24,quickplay,Asia,junkertown,All,파라,DAMAGE,4.3,47.7
2026-01-24,quickplay,Asia,junkertown,All,프레야,DAMAGE,9.0,45.7
2026-01-24,quickplay,Asia,junkertown,All,한조,DAMAGE,10.1,49.2
2026-01-24,quickplay,Asia,junkertown,All,해저드,TANK,2.7,46.0
2026-01-24,quickplay,Asia,havana,All,D.Va,TANK,8.7,45.5
2026-01-24,quickplay,Asia,havana,All,겐지,DAMAGE,13.3,50.2
2026-01-24,quickplay,Asia,havana,All,둠피스트,TANK,12.7,50.1
2026-01-24,quickplay,Asia,havana,All,라마트라,TANK,7.0,50.6
2026-01-24,quickplay,Asia,havana,All,라이프위버,SUPPORT,8.7,47.8
2026-01-24,quickplay,Asia,havana,All,라인하르트,TANK,8.3,50.0
2026-01-24,quickplay,Asia,havana,All,레킹볼,TANK,3.3,50.8
2026-01-24,quickplay,Asia,havana,All,로드호그,TANK,4.7,43.2
2026-01-24,quickplay,Asia,havana,All,루시우,SUPPORT,4.2,48.4
2026-01-24,quickplay,Asia,havana,All,리퍼,DAMAGE,7.7,52.1
2026-01-24,quickplay,Asia,havana,All,마우가,TANK,3.7,45.4
2026-01-24,quickplay,Asia,havana,All,메르시,SUPPORT,13.6,46.9
2026-01-24,quickplay,Asia,havana,All,메이,DAMAGE,6.1,54.4
2026-01-24,quickplay,Asia,havana,All,모이라,SUPPORT,12.3,47.5
2026-01-24,quickplay,Asia,havana,All,바스티온,DAMAGE,13.6,49.8
2026-01-24,quickplay,Asia,havana,All,바티스트,SUPPORT,9.1,47.8
2026-01-24,quickplay,Asia,havana,All,벤데타,DAMAGE,9.7,54.6
2026-01-24,quickplay,Asia,havana,All,벤처,DAMAGE,3.0,51.7
2026-01-24,quickplay,Asia,havana,All,브리기테,SUPPORT,3.2,49.3
2026-01-24,quickplay,Asia,havana,All,소전,DAMAGE,14.9,46.0
2026-01-24,quickplay,Asia,havana,All,솔저: 76,DAMAGE,17.2,48.7
2026-01-24,quickplay,Asia,havana,All,솜브라,DAMAGE,8.6,48.9
2026-01-24,quickplay,Asia,havana,All,시그마,TANK,21.8,58.1
2026-01-24,quickplay,Asia,havana,All,시메트라,DAMAGE,3.2,51.3
2026-01-24,quickplay,Asia,havana,All,아나,SUPPORT,56.4,49.2
2026-01-24,quickplay,Asia,havana,All,애쉬,DAMAGE,23.8,54.5
2026-01-24,quickplay,Asia,havana,All,에코,DAMAGE,4.1,49.1
2026-01-24,quickplay,Asia,havana,All,오리사,TANK,11.3,46.2
2026-01-24,quickplay,Asia,havana,All,우양,SUPPORT,15.3,52.3
2026-01-24,quickplay,Asia,havana,All,위도우메이커,DAMAGE,15.8,49.5
2026-01-24,quickplay,Asia,havana,All,윈스턴,TANK,6.0,49.4
2026-01-24,quickplay,Asia,havana,All,일리아리,SUPPORT,17.8,57.5
2026-01-24,quickplay,Asia,havana,All,자리야,TANK,7.4,47.2
2026-01-24,quickplay,Asia,havana,All,정커퀸,TANK,3.0,52.4
2026-01-24,quickplay,Asia,havana,All,정크랫,DAMAGE,7.7,49.5
2026-01-24,quickplay,Asia,havana,All,젠야타,SUPPORT,18.0,57.0
2026-01-24,quickplay,Asia,havana,All,주노,SUPPORT,13.2,48.1
2026-01-24,quickplay,Asia,havana,All,캐서디,DAMAGE,16.8,45.3
2026-01-24,quickplay,Asia,havana,All,키리코,SUPPORT,28.2,45.2
2026-01-24,quickplay,Asia,havana,All,토르비욘,DAMAGE,4.6,56.8
2026-01-24,quickplay,Asia,havana,All,트레이서,DAMAGE,4.0,45.6
2026-01-24,quickplay,Asia,havana,All,파라,DAMAGE,4.1,48.3
2026-01-24,quickplay,Asia,havana,All,프레야,DAMAGE,8.9,47.3
2026-01-24,quickplay,Asia,havana,All,한조,DAMAGE,12.8,50.2
2026-01-24,quickplay,Asia,havana,All,해저드,TANK,2.0,47.2
2026-01-24,quickplay,Asia,new-junk-city,All,D.Va,TANK,6.6,48.2
2026-01-24,quickplay,Asia,new-junk-city,All,겐지,DAMAGE,16.8,51.1
2026-01-24,quickplay,Asia,new-junk-city,All,둠피스트,TANK,16.2,51.3
2026-01-24,quickplay,Asia,new-junk-city,All,라마트라,TANK,6.9,51.2
2026-01-24,quickplay,Asia,new-junk-city,All,라이프위버,SUPPORT,5.9,47.4
2026-01-24,quickplay,Asia,new-junk-city,All,라인하르트,TANK,9.8,50.9
2026-01-24,quickplay,Asia,new-junk-city,All,레킹볼,TANK,3.8,48.9
2026-01-24,quickplay,Asia,new-junk-city,All,로드호그,TANK,5.2,43.0
2026-01-24,quickplay,Asia,new-junk-city,All,루시우,SUPPORT,11.0,52.2
2026-01-24,quickplay,Asia,new-junk-city,All,리퍼,DAMAGE,10.6,53.4
2026-01-24,quickplay,Asia,new-junk-city,All,마우가,TANK,4.4,50.4
2026-01-24,quickplay,Asia,new-junk-city,All,메르시,SUPPORT,9.0,47.2
2026-01-24,quickplay,Asia,new-junk-city,All,메이,DAMAGE,7.1,50.6
2026-01-24,quickplay,Asia,new-junk-city,All,모이라,SUPPORT,20.3,51.2
2026-01-24,quickplay,Asia,new-junk-city,All,바스티온,DAMAGE,11.6,49.3
2026-01-24,quickplay,Asia,new-junk-city,All,바티스트,SUPPORT,8.4,46.6
2026-01-24,quickplay,Asia,new-junk-city,All,벤데타,DAMAGE,15.4,54.2
2026-01-24,quickplay,Asia,new-junk-city,All,벤처,DAMAGE,5.9,55.0
2026-01-24,quickplay,Asia,new-junk-city,All,브리기테,SUPPORT,8.2,52.6
2026-01-24,quickplay,Asia,new-junk-city,All,소전,DAMAGE,18.2,46.5
2026-01-24,quickplay,Asia,new-junk-city,All,솔저: 76,DAMAGE,17.6,48.9
2026-01-24,quickplay,Asia,new-junk-city,All,솜브라,DAMAGE,9.6,49.9
2026-01-24,quickplay,Asia,new-junk-city,All,시그마,TANK,7.5,51.6
2026-01-24,quickplay,Asia,new-junk-city,All,시메트라,DAMAGE,3.9,58.1
2026-01-24,quickplay,Asia,new-junk-city,All,아나,SUPPORT,42.4,46.3
2026-01-24,quickplay,Asia,new-junk-city,All,애쉬,DAMAGE,8.7,49.7
2026-01-24,quickplay,Asia,new-junk-city,All,에코,DAMAGE,5.1,52.1
2026-01-24,quickplay,Asia,new-junk-city,All,오리사,TANK,11.2,45.2
2026-01-24,quickplay,Asia,new-junk-city,All,우양,SUPPORT,20.1,53.9
2026-01-24,quickplay,Asia,new-junk-city,All,위도우메이커,DAMAGE,1.1,41.5
2026-01-24,quickplay,Asia,new-junk-city,All,윈스턴,TANK,4.0,49.5
2026-01-24,quickplay,Asia,new-junk-city,All,일리아리,SUPPORT,10.2,55.2
2026-01-24,quickplay,Asia,new-junk-city,All,자리야,TANK,10.5,47.5
2026-01-24,quickplay,Asia,new-junk-city,All,정커퀸,TANK,10.6,58.7
2026-01-24,quickplay,Asia,new-junk-city,All,정크랫,DAMAGE,10.3,52.5
2026-01-24,quickplay,Asia,new-junk-city,All,젠야타,SUPPORT,12.0,54.8
2026-01-24,quickplay,Asia,new-junk-city,All,주노,SUPPORT,15.8,51.2
2026-01-24,quickplay,Asia,new-junk-city,All,캐서디,DAMAGE,27.7,46.1
2026-01-24,quickplay,Asia,new-junk-city,All,키리코,SUPPORT,36.8,46.2
2026-01-24,quickplay,Asia,new-junk-city,All,토르비욘,DAMAGE,3.5,54.0
2026-01-24,quickplay,Asia,new-junk-city,All,트레이서,DAMAGE,9.6,48.8
2026-01-24,quickplay,Asia,new-junk-city,All,파라,DAMAGE,4.3,50.1
2026-01-24,quickplay,Asia,new-junk-city,All,프레야,DAMAGE,5.8,45.3
2026-01-24,quickplay,Asia,new-junk-city,All,한조,DAMAGE,7.0,48.0
2026-01-24,quickplay,Asia,new-junk-city,All,해저드,TANK,3.4,48.9
2026-01-24,quickplay,Asia,aatlis,All,D.Va,TANK,7.4,49.2
2026-01-24,quickplay,Asia,aatlis,All,겐지,DAMAGE,15.8,51.1
2026-01-24,quickplay,Asia,aatlis,All,둠피스트,TANK,17.5,51.9
2026-01-24,quickplay,Asia,aatlis,All,라마트라,TANK,6.7,51.5
2026-01-24,quickplay,Asia,aatlis,All,라이프위버,SUPPORT,5.9,47.1
2026-01-24,quickplay,Asia,aatlis,All,라인하르트,TANK,9.1,50.8
2026-01-24,quickplay,Asia,aatlis,All,레킹볼,TANK,4.1,49.5
2026-01-24,quickplay,Asia,aatlis,All,로드호그,TANK,5.4,42.2
2026-01-24,quickplay,Asia,aatlis,All,루시우,SUPPORT,12.0,53.1
2026-01-24,quickplay,Asia,aatlis,All,리퍼,DAMAGE,12.3,52.3
2026-01-24,quickplay,Asia,aatlis,All,마우가,TANK,4.3,49.1
2026-01-24,quickplay,Asia,aatlis,All,메르시,SUPPORT,9.4,45.9
2026-01-24,quickplay,Asia,aatlis,All,메이,DAMAGE,6.6,54.2
2026-01-24,quickplay,Asia,aatlis,All,모이라,SUPPORT,21.9,51.3
2026-01-24,quickplay,Asia,aatlis,All,바스티온,DAMAGE,12.0,46.3
2026-01-24,quickplay,Asia,aatlis,All,바티스트,SUPPORT,8.4,46.7
2026-01-24,quickplay,Asia,aatlis,All,벤데타,DAMAGE,16.9,56.8
2026-01-24,quickplay,Asia,aatlis,All,벤처,DAMAGE,6.9,53.9
2026-01-24,quickplay,Asia,aatlis,All,브리기테,SUPPORT,8.8,50.6
2026-01-24,quickplay,Asia,aatlis,All,소전,DAMAGE,16.3,46.2
2026-01-24,quickplay,Asia,aatlis,All,솔저: 76,DAMAGE,17.1,48.9
2026-01-24,quickplay,Asia,aatlis,All,솜브라,DAMAGE,10.0,48.5
2026-01-24,quickplay,Asia,aatlis,All,시그마,TANK,7.6,51.6
2026-01-24,quickplay,Asia,aatlis,All,시메트라,DAMAGE,3.9,55.8
2026-01-24,quickplay,Asia,aatlis,All,아나,SUPPORT,39.9,47.3
2026-01-24,quickplay,Asia,aatlis,All,애쉬,DAMAGE,7.5,48.9
2026-01-24,quickplay,Asia,aatlis,All,에코,DAMAGE,5.1,49.7
2026-01-24,quickplay,Asia,aatlis,All,오리사,TANK,10.7,43.8
2026-01-24,quickplay,Asia,aatlis,All,우양,SUPPORT,21.4,53.6
2026-01-24,quickplay,Asia,aatlis,All,위도우메이커,DAMAGE,1.2,38.5
2026-01-24,quickplay,Asia,aatlis,All,윈스턴,TANK,4.9,51.0
2026-01-24,quickplay,Asia,aatlis,All,일리아리,SUPPORT,10.1,57.8
2026-01-24,quickplay,Asia,aatlis,All,자리야,TANK,10.2,48.7
2026-01-24,quickplay,Asia,aatlis,All,정커퀸,TANK,8.0,58.5
2026-01-24,quickplay,Asia,aatlis,All,정크랫,DAMAGE,9.0,52.0
2026-01-24,quickplay,Asia,aatlis,All,젠야타,SUPPORT,10.9,53.1
2026-01-24,quickplay,Asia,aatlis,All,주노,SUPPORT,14.8,49.8
2026-01-24,quickplay,Asia,aatlis,All,캐서디,DAMAGE,28.9,47.0
2026-01-24,quickplay,Asia,aatlis,All,키리코,SUPPORT,36.6,46.5
2026-01-24,quickplay,Asia,aatlis,All,토르비욘,DAMAGE,3.3,55.6
2026-01-24,quickplay,Asia,aatlis,All,트레이서,DAMAGE,10.6,51.0
2026-01-24,quickplay,Asia,aatlis,All,파라,DAMAGE,4.6,47.2
2026-01-24,quickplay,Asia,aatlis,All,프레야,DAMAGE,5.5,44.8
2026-01-24,quickplay,Asia,aatlis,All,한조,DAMAGE,6.1,48.2
2026-01-24,quickplay,Asia,aatlis,All,해저드,TANK,4.1,50.8
2026-01-24,quickplay,Asia,blizzard-world,All,D.Va,TANK,10.1,47.7
2026-01-24,quickplay,Asia,blizzard-world,All,겐지,DAMAGE,14.1,50.2
2026-01-24,quickplay,Asia,blizzard-world,All,둠피스트,TANK,14.0,51.5
2026-01-24,quickplay,Asia,blizzard-world,All,라마트라,TANK,6.3,49.3
2026-01-24,quickplay,Asia,blizzard-world,All,라이프위버,SUPPORT,8.5,46.6
2026-01-24,quickplay,Asia,blizzard-world,All,라인하르트,TANK,8.3,52.6
2026-01-24,quickplay,Asia,blizzard-world,All,레킹볼,TANK,4.3,50.1
2026-01-24,quickplay,Asia,blizzard-world,All,로드호그,TANK,5.0,39.9
2026-01-24,quickplay,Asia,blizzard-world,All,루시우,SUPPORT,5.0,46.9
2026-01-24,quickplay,Asia,blizzard-world,All,리퍼,DAMAGE,8.4,51.0
2026-01-24,quickplay,Asia,blizzard-world,All,마우가,TANK,3.6,45.3
2026-01-24,quickplay,Asia,blizzard-world,All,메르시,SUPPORT,14.6,46.9
2026-01-24,quickplay,Asia,blizzard-world,All,메이,DAMAGE,6.2,52.9
2026-01-24,quickplay,Asia,blizzard-world,All,모이라,SUPPORT,13.8,46.6
2026-01-24,quickplay,Asia,blizzard-world,All,바스티온,DAMAGE,13.0,49.7
2026-01-24,quickplay,Asia,blizzard-world,All,바티스트,SUPPORT,9.2,48.2
2026-01-24,quickplay,Asia,blizzard-world,All,벤데타,DAMAGE,10.8,53.4
2026-01-24,quickplay,Asia,blizzard-world,All,벤처,DAMAGE,3.5,52.7
2026-01-24,quickplay,Asia,blizzard-world,All,브리기테,SUPPORT,4.0,47.9
2026-01-24,quickplay,Asia,blizzard-world,All,소전,DAMAGE,15.0,47.2
2026-01-24,quickplay,Asia,blizzard-world,All,솔저: 76,DAMAGE,18.2,49.4
2026-01-24,quickplay,Asia,blizzard-world,All,솜브라,DAMAGE,9.1,48.4
2026-01-24,quickplay,Asia,blizzard-world,All,시그마,TANK,16.0,57.5
2026-01-24,quickplay,Asia,blizzard-world,All,시메트라,DAMAGE,3.9,55.8
2026-01-24,quickplay,Asia,blizzard-world,All,아나,SUPPORT,53.1,48.9
2026-01-24,quickplay,Asia,blizzard-world,All,애쉬,DAMAGE,21.0,53.5
2026-01-24,quickplay,Asia,blizzard-world,All,에코,DAMAGE,5.6,51.7
2026-01-24,quickplay,Asia,blizzard-world,All,오리사,TANK,11.4,44.4
2026-01-24,quickplay,Asia,blizzard-world,All,우양,SUPPORT,16.5,52.6
2026-01-24,quickplay,Asia,blizzard-world,All,위도우메이커,DAMAGE,7.4,47.6
2026-01-24,quickplay,Asia,blizzard-world,All,윈스턴,TANK,7.8,51.2
2026-01-24,quickplay,Asia,blizzard-world,All,일리아리,SUPPORT,16.6,57.7
2026-01-24,quickplay,Asia,blizzard-world,All,자리야,TANK,7.7,49.7
2026-01-24,quickplay,Asia,blizzard-world,All,정커퀸,TANK,3.1,51.7
2026-01-24,quickplay,Asia,blizzard-world,All,정크랫,DAMAGE,9.2,50.7
2026-01-24,quickplay,Asia,blizzard-world,All,젠야타,SUPPORT,15.4,55.8
2026-01-24,quickplay,Asia,blizzard-world,All,주노,SUPPORT,14.2,50.0
2026-01-24,quickplay,Asia,blizzard-world,All,캐서디,DAMAGE,18.7,45.6
2026-01-24,quickplay,Asia,blizzard-world,All,키리코,SUPPORT,29.1,47.4
2026-01-24,quickplay,Asia,blizzard-world,All,토르비욘,DAMAGE,5.4,57.5
2026-01-24,quickplay,Asia,blizzard-world,All,트레이서,DAMAGE,5.8,47.0
2026-01-24,quickplay,Asia,blizzard-world,All,파라,DAMAGE,5.4,48.4
2026-01-24,quickplay,Asia,blizzard-world,All,프레야,DAMAGE,8.9,45.7
2026-01-24,quickplay,Asia,blizzard-world,All,한조,DAMAGE,10.5,50.6
2026-01-24,quickplay,Asia,blizzard-world,All,해저드,TANK,2.6,47.7
2026-01-24,quickplay,Asia,suravasa,All,D.Va,TANK,6.7,47.4
2026-01-24,quickplay,Asia,suravasa,All,겐지,DAMAGE,16.5,50.6
2026-01-24,quickplay,Asia,suravasa,All,둠피스트,TANK,17.1,52.1
2026-01-24,quickplay,Asia,suravasa,All,라마트라,TANK,6.1,50.4
2026-01-24,quickplay,Asia,suravasa,All,라이프위버,SUPPORT,6.8,46.7
2026-01-24,quickplay,Asia,suravasa,All,라인하르트,TANK,9.3,51.7
2026-01-24,quickplay,Asia,suravasa,All,레킹볼,TANK,5.1,50.6
2026-01-24,quickplay,Asia,suravasa,All,로드호그,TANK,5.4,41.0
2026-01-24,quickplay,Asia,suravasa,All,루시우,SUPPORT,10.1,52.4
2026-01-24,quickplay,Asia,suravasa,All,리퍼,DAMAGE,10.2,53.0
2026-01-24,quickplay,Asia,suravasa,All,마우가,TANK,4.3,48.9
2026-01-24,quickplay,Asia,suravasa,All,메르시,SUPPORT,9.4,48.2
2026-01-24,quickplay,Asia,suravasa,All,메이,DAMAGE,6.5,54.3
2026-01-24,quickplay,Asia,suravasa,All,모이라,SUPPORT,17.9,50.9
2026-01-24,quickplay,Asia,suravasa,All,바스티온,DAMAGE,11.6,49.9
2026-01-24,quickplay,Asia,suravasa,All,바티스트,SUPPORT,8.1,46.8
2026-01-24,quickplay,Asia,suravasa,All,벤데타,DAMAGE,14.9,55.8
2026-01-24,quickplay,Asia,suravasa,All,벤처,DAMAGE,5.4,53.2
2026-01-24,quickplay,Asia,suravasa,All,브리기테,SUPPORT,7.6,50.1
2026-01-24,quickplay,Asia,suravasa,All,소전,DAMAGE,17.9,46.5
2026-01-24,quickplay,Asia,suravasa,All,솔저: 76,DAMAGE,17.8,48.9
2026-01-24,quickplay,Asia,suravasa,All,솜브라,DAMAGE,10.6,49.4
2026-01-24,quickplay,Asia,suravasa,All,시그마,TANK,7.7,52.2
2026-01-24,quickplay,Asia,suravasa,All,시메트라,DAMAGE,3.9,57.0
2026-01-24,quickplay,Asia,suravasa,All,아나,SUPPORT,44.3,46.6
2026-01-24,quickplay,Asia,suravasa,All,애쉬,DAMAGE,9.7,49.3
2026-01-24,quickplay,Asia,suravasa,All,에코,DAMAGE,5.6,51.9
2026-01-24,quickplay,Asia,suravasa,All,오리사,TANK,11.2,44.4
2026-01-24,quickplay,Asia,suravasa,All,우양,SUPPORT,20.1,53.7
2026-01-24,quickplay,Asia,suravasa,All,위도우메이커,DAMAGE,1.2,35.6
2026-01-24,quickplay,Asia,suravasa,All,윈스턴,TANK,5.3,52.1
2026-01-24,quickplay,Asia,suravasa,All,일리아리,SUPPORT,11.7,57.6
2026-01-24,quickplay,Asia,suravasa,All,자리야,TANK,10.1,49.1
2026-01-24,quickplay,Asia,suravasa,All,정커퀸,TANK,8.2,57.6
2026-01-24,quickplay,Asia,suravasa,All,정크랫,DAMAGE,7.6,52.1
2026-01-24,quickplay,Asia,suravasa,All,젠야타,SUPPORT,11.8,53.4
2026-01-24,quickplay,Asia,suravasa,All,주노,SUPPORT,15.4,49.8
2026-01-24,quickplay,Asia,suravasa,All,캐서디,DAMAGE,29.0,46.0
2026-01-24,quickplay,Asia,suravasa,All,키리코,SUPPORT,36.7,47.2
2026-01-24,quickplay,Asia,suravasa,All,토르비욘,DAMAGE,3.6,56.0
2026-01-24,quickplay,Asia,suravasa,All,트레이서,DAMAGE,10.7,50.1
2026-01-24,quickplay,Asia,suravasa,All,파라,DAMAGE,4.7,49.4
2026-01-24,quickplay,Asia,suravasa,All,프레야,DAMAGE,6.4,44.8
2026-01-24,quickplay,Asia,suravasa,All,한조,DAMAGE,6.4,47.6
2026-01-24,quickplay,Asia,suravasa,All,해저드,TANK,3.3,50.2
2026-01-24,quickplay,Asia,midtown,All,D.Va,TANK,6.9,46.2
2026-01-24,quickplay,Asia,midtown,All,겐지,DAMAGE,12.9,49.8
2026-01-24,quickplay,Asia,midtown,All,둠피스트,TANK,12.8,48.7
2026-01-24,quickplay,Asia,midtown,All,라마트라,TANK,8.0,50.0
2026-01-24,quickplay,Asia,midtown,All,라이프위버,SUPPORT,7.9,47.8
2026-01-24,quickplay,Asia,midtown,All,라인하르트,TANK,9.2,51.4
2026-01-24,quickplay,Asia,midtown,All,레킹볼,TANK,2.9,47.2
2026-01-24,quickplay,Asia,midtown,All,로드호그,TANK,4.7,43.5
2026-01-24,quickplay,Asia,midtown,All,루시우,SUPPORT,4.3,47.7
2026-01-24,quickplay,Asia,midtown,All,리퍼,DAMAGE,7.5,51.5
2026-01-24,quickplay,Asia,midtown,All,마우가,TANK,3.7,47.3
2026-01-24,quickplay,Asia,midtown,All,메르시,SUPPORT,12.4,47.1
2026-01-24,quickplay,Asia,midtown,All,메이,DAMAGE,7.1,55.4
2026-01-24,quickplay,Asia,midtown,All,모이라,SUPPORT,12.3,48.4
2026-01-24,quickplay,Asia,midtown,All,바스티온,DAMAGE,14.7,50.3
2026-01-24,quickplay,Asia,midtown,All,바티스트,SUPPORT,10.4,48.2
2026-01-24,quickplay,Asia,midtown,All,벤데타,DAMAGE,10.3,53.3
2026-01-24,quickplay,Asia,midtown,All,벤처,DAMAGE,3.5,50.8
2026-01-24,quickplay,Asia,midtown,All,브리기테,SUPPORT,3.6,50.2
2026-01-24,quickplay,Asia,midtown,All,소전,DAMAGE,16.8,46.0
2026-01-24,quickplay,Asia,midtown,All,솔저: 76,DAMAGE,16.8,48.3
2026-01-24,quickplay,Asia,midtown,All,솜브라,DAMAGE,7.3,48.0
2026-01-24,quickplay,Asia,midtown,All,시그마,TANK,19.8,57.8
2026-01-24,quickplay,Asia,midtown,All,시메트라,DAMAGE,5.5,58.3
2026-01-24,quickplay,Asia,midtown,All,아나,SUPPORT,55.0,48.7
2026-01-24,quickplay,Asia,midtown,All,애쉬,DAMAGE,23.3,54.0
2026-01-24,quickplay,Asia,midtown,All,에코,DAMAGE,5.0,49.0
2026-01-24,quickplay,Asia,midtown,All,오리사,TANK,11.6,46.1
2026-01-24,quickplay,Asia,midtown,All,우양,SUPPORT,17.2,53.0
2026-01-24,quickplay,Asia,midtown,All,위도우메이커,DAMAGE,5.2,46.2
2026-01-24,quickplay,Asia,midtown,All,윈스턴,TANK,4.3,47.0
2026-01-24,quickplay,Asia,midtown,All,일리아리,SUPPORT,18.9,56.3
2026-01-24,quickplay,Asia,midtown,All,자리야,TANK,10.1,49.6
2026-01-24,quickplay,Asia,midtown,All,정커퀸,TANK,3.9,53.1
2026-01-24,quickplay,Asia,midtown,All,정크랫,DAMAGE,8.8,50.9
2026-01-24,quickplay,Asia,midtown,All,젠야타,SUPPORT,17.0,55.7
2026-01-24,quickplay,Asia,midtown,All,주노,SUPPORT,13.3,49.8
2026-01-24,quickplay,Asia,midtown,All,캐서디,DAMAGE,19.9,45.4
2026-01-24,quickplay,Asia,midtown,All,키리코,SUPPORT,27.7,45.1
2026-01-24,quickplay,Asia,midtown,All,토르비욘,DAMAGE,5.0,57.3
2026-01-24,quickplay,Asia,midtown,All,트레이서,DAMAGE,4.8,46.2
2026-01-24,quickplay,Asia,midtown,All,파라,DAMAGE,4.9,48.2
2026-01-24,quickplay,Asia,midtown,All,프레야,DAMAGE,8.4,45.1
2026-01-24,quickplay,Asia,midtown,All,한조,DAMAGE,12.0,51.2
2026-01-24,quickplay,Asia,midtown,All,해저드,TANK,2.1,48.7
2026-01-24,quickplay,Asia,eichenwalde,All,D.Va,TANK,7.9,45.7
2026-01-24,quickplay,Asia,eichenwalde,All,겐지,DAMAGE,13.6,50.5
2026-01-24,quickplay,Asia,eichenwalde,All,둠피스트,TANK,13.6,51.2
2026-01-24,quickplay,Asia,eichenwalde,All,라마트라,TANK,7.1,50.0
2026-01-24,quickplay,Asia,eichenwalde,All,라이프위버,SUPPORT,7.4,46.4
2026-01-24,quickplay,Asia,eichenwalde,All,라인하르트,TANK,12.2,53.2
2026-01-24,quickplay,Asia,eichenwalde,All,레킹볼,TANK,3.5,48.9
2026-01-24,quickplay,Asia,eichenwalde,All,로드호그,TANK,5.2,41.9
2026-01-24,quickplay,Asia,eichenwalde,All,루시우,SUPPORT,5.3,48.8
2026-01-24,quickplay,Asia,eichenwalde,All,리퍼,DAMAGE,8.3,51.7
2026-01-24,quickplay,Asia,eichenwalde,All,마우가,TANK,3.5,45.9
2026-01-24,quickplay,Asia,eichenwalde,All,메르시,SUPPORT,13.6,46.8
2026-01-24,quickplay,Asia,eichenwalde,All,메이,DAMAGE,6.7,55.0
2026-01-24,quickplay,Asia,eichenwalde,All,모이라,SUPPORT,13.5,47.7
2026-01-24,quickplay,Asia,eichenwalde,All,바스티온,DAMAGE,14.4,50.0
2026-01-24,quickplay,Asia,eichenwalde,All,바티스트,SUPPORT,9.5,47.4
2026-01-24,quickplay,Asia,eichenwalde,All,벤데타,DAMAGE,11.1,54.0
2026-01-24,quickplay,Asia,eichenwalde,All,벤처,DAMAGE,3.6,53.9
2026-01-24,quickplay,Asia,eichenwalde,All,브리기테,SUPPORT,3.8,50.9
2026-01-24,quickplay,Asia,eichenwalde,All,소전,DAMAGE,13.7,44.7
2026-01-24,quickplay,Asia,eichenwalde,All,솔저: 76,DAMAGE,16.1,46.6
2026-01-24,quickplay,Asia,eichenwalde,All,솜브라,DAMAGE,7.3,46.0
2026-01-24,quickplay,Asia,eichenwalde,All,시그마,TANK,15.8,56.9
2026-01-24,quickplay,Asia,eichenwalde,All,시메트라,DAMAGE,5.4,57.2
2026-01-24,quickplay,Asia,eichenwalde,All,아나,SUPPORT,53.6,49.0
2026-01-24,quickplay,Asia,eichenwalde,All,애쉬,DAMAGE,17.5,51.4
2026-01-24,quickplay,Asia,eichenwalde,All,에코,DAMAGE,6.7,52.2
2026-01-24,quickplay,Asia,eichenwalde,All,오리사,TANK,10.9,45.4
2026-01-24,quickplay,Asia,eichenwalde,All,우양,SUPPORT,16.9,52.4
2026-01-24,quickplay,Asia,eichenwalde,All,위도우메이커,DAMAGE,3.4,43.1
2026-01-24,quickplay,Asia,eichenwalde,All,윈스턴,TANK,4.9,46.7
2026-01-24,quickplay,Asia,eichenwalde,All,일리아리,SUPPORT,17.7,56.6
2026-01-24,quickplay,Asia,eichenwalde,All,자리야,TANK,9.6,50.9
2026-01-24,quickplay,Asia,eichenwalde,All,정커퀸,TANK,3.4,52.5
2026-01-24,quickplay,Asia,eichenwalde,All,정크랫,DAMAGE,12.7,53.2
2026-01-24,quickplay,Asia,eichenwalde,All,젠야타,SUPPORT,17.9,56.5
2026-01-24,quickplay,Asia,eichenwalde,All,주노,SUPPORT,12.7,49.6
2026-01-24,quickplay,Asia,eichenwalde,All,캐서디,DAMAGE,19.8,44.5
2026-01-24,quickplay,Asia,eichenwalde,All,키리코,SUPPORT,28.0,45.8
2026-01-24,quickplay,Asia,eichenwalde,All,토르비욘,DAMAGE,7.7,58.5
2026-01-24,quickplay,Asia,eichenwalde,All,트레이서,DAMAGE,4.4,46.1
2026-01-24,quickplay,Asia,eichenwalde,All,파라,DAMAGE,8.3,50.5
2026-01-24,quickplay,Asia,eichenwalde,All,프레야,DAMAGE,7.8,46.2
2026-01-24,quickplay,Asia,eichenwalde,All,한조,DAMAGE,11.5,50.7
2026-01-24,quickplay,Asia,eichenwalde,All,해저드,TANK,2.4,48.4
2026-01-24,quickplay,Asia,numbani,All,D.Va,TANK,14.9,50.4
2026-01-24,quickplay,Asia,numbani,All,겐지,DAMAGE,15.9,51.2
2026-01-24,quickplay,Asia,numbani,All,둠피스트,TANK,15.0,52.0
2026-01-24,quickplay,Asia,numbani,All,라마트라,TANK,5.0,46.5
2026-01-24,quickplay,Asia,numbani,All,라이프위버,SUPPORT,10.1,46.0
2026-01-24,quickplay,Asia,numbani,All,라인하르트,TANK,7.1,49.9
2026-01-24,quickplay,Asia,numbani,All,레킹볼,TANK,4.0,51.4
2026-01-24,quickplay,Asia,numbani,All,로드호그,TANK,4.9,43.3
2026-01-24,quickplay,Asia,numbani,All,루시우,SUPPORT,5.3,51.2
2026-01-24,quickplay,Asia,numbani,All,리퍼,DAMAGE,8.8,52.7
2026-01-24,quickplay,Asia,numbani,All,마우가,TANK,3.6,47.5
2026-01-24,quickplay,Asia,numbani,All,메르시,SUPPORT,16.2,48.5
2026-01-24,quickplay,Asia,numbani,All,메이,DAMAGE,5.4,52.7
2026-01-24,quickplay,Asia,numbani,All,모이라,SUPPORT,12.4,46.4
2026-01-24,quickplay,Asia,numbani,All,바스티온,DAMAGE,12.9,49.8
2026-01-24,quickplay,Asia,numbani,All,바티스트,SUPPORT,10.1,48.5
2026-01-24,quickplay,Asia,numbani,All,벤데타,DAMAGE,11.7,54.0
2026-01-24,quickplay,Asia,numbani,All,벤처,DAMAGE,3.4,52.5
2026-01-24,quickplay,Asia,numbani,All,브리기테,SUPPORT,4.0,48.7
2026-01-24,quickplay,Asia,numbani,All,소전,DAMAGE,13.2,43.9
2026-01-24,quickplay,Asia,numbani,All,솔저: 76,DAMAGE,19.1,50.2
2026-01-24,quickplay,Asia,numbani,All,솜브라,DAMAGE,8.2,48.6
2026-01-24,quickplay,Asia,numbani,All,시그마,TANK,11.6,55.3
2026-01-24,quickplay,Asia,numbani,All,시메트라,DAMAGE,3.9,51.8
2026-01-24,quickplay,Asia,numbani,All,아나,SUPPORT,51.3,48.3
2026-01-24,quickplay,Asia,numbani,All,애쉬,DAMAGE,22.2,53.7
2026-01-24,quickplay,Asia,numbani,All,에코,DAMAGE,7.9,52.2
2026-01-24,quickplay,Asia,numbani,All,오리사,TANK,10.3,44.4
2026-01-24,quickplay,Asia,numbani,All,우양,SUPPORT,15.9,52.7
2026-01-24,quickplay,Asia,numbani,All,위도우메이커,DAMAGE,4.5,44.3
2026-01-24,quickplay,Asia,numbani,All,윈스턴,TANK,10.0,53.9
2026-01-24,quickplay,Asia,numbani,All,일리아리,SUPPORT,15.4,56.1
2026-01-24,quickplay,Asia,numbani,All,자리야,TANK,7.2,48.7
2026-01-24,quickplay,Asia,numbani,All,정커퀸,TANK,2.7,50.3
2026-01-24,quickplay,Asia,numbani,All,정크랫,DAMAGE,9.1,51.0
2026-01-24,quickplay,Asia,numbani,All,젠야타,SUPPORT,13.0,54.7
2026-01-24,quickplay,Asia,numbani,All,주노,SUPPORT,14.5,51.7
2026-01-24,quickplay,Asia,numbani,All,캐서디,DAMAGE,19.6,45.7
2026-01-24,quickplay,Asia,numbani,All,키리코,SUPPORT,31.8,48.2
2026-01-24,quickplay,Asia,numbani,All,토르비욘,DAMAGE,4.4,52.4
2026-01-24,quickplay,Asia,numbani,All,트레이서,DAMAGE,4.7,48.6
2026-01-24,quickplay,Asia,numbani,All,파라,DAMAGE,6.4,50.3
2026-01-24,quickplay,Asia,numbani,All,프레야,DAMAGE,9.1,46.3
2026-01-24,quickplay,Asia,numbani,All,한조,DAMAGE,9.7,49.9
2026-01-24,quickplay,Asia,numbani,All,해저드,TANK,3.5,48.3
2026-01-24,quickplay,Asia,kings-row,All,D.Va,TANK,7.5,45.2
2026-01-24,quickplay,Asia,kings-row,All,겐지,DAMAGE,14.7,51.4
2026-01-24,quickplay,Asia,kings-row,All,둠피스트,TANK,13.7,53.1
2026-01-24,quickplay,Asia,kings-row,All,라마트라,TANK,7.7,47.7
2026-01-24,quickplay,Asia,kings-row,All,라이프위버,SUPPORT,7.8,46.4
2026-01-24,quickplay,Asia,kings-row,All,라인하르트,TANK,12.7,53.2
2026-01-24,quickplay,Asia,kings-row,All,레킹볼,TANK,2.8,50.4
2026-01-24,quickplay,Asia,kings-row,All,로드호그,TANK,4.7,39.7
2026-01-24,quickplay,Asia,kings-row,All,루시우,SUPPORT,4.8,49.0
2026-01-24,quickplay,Asia,kings-row,All,리퍼,DAMAGE,8.2,51.9
2026-01-24,quickplay,Asia,kings-row,All,마우가,TANK,3.4,45.2
2026-01-24,quickplay,Asia,kings-row,All,메르시,SUPPORT,12.5,47.2
2026-01-24,quickplay,Asia,kings-row,All,메이,DAMAGE,8.1,54.2
2026-01-24,quickplay,Asia,kings-row,All,모이라,SUPPORT,12.3,47.6
2026-01-24,quickplay,Asia,kings-row,All,바스티온,DAMAGE,14.7,50.7
2026-01-24,quickplay,Asia,kings-row,All,바티스트,SUPPORT,9.9,48.1
2026-01-24,quickplay,Asia,kings-row,All,벤데타,DAMAGE,10.7,55.0
2026-01-24,quickplay,Asia,kings-row,All,벤처,DAMAGE,3.6,53.0
2026-01-24,quickplay,Asia,kings-row,All,브리기테,SUPPORT,3.6,47.3
2026-01-24,quickplay,Asia,kings-row,All,소전,DAMAGE,14.9,45.2
2026-01-24,quickplay,Asia,kings-row,All,솔저: 76,DAMAGE,15.3,46.4
2026-01-24,quickplay,Asia,kings-row,All,솜브라,DAMAGE,6.5,47.4
2026-01-24,quickplay,Asia,kings-row,All,시그마,TANK,14.9,55.7
2026-01-24,quickplay,Asia,kings-row,All,시메트라,DAMAGE,4.9,54.3
2026-01-24,quickplay,Asia,kings-row,All,아나,SUPPORT,57.7,49.2
2026-01-24,quickplay,Asia,kings-row,All,애쉬,DAMAGE,19.6,53.0
2026-01-24,quickplay,Asia,kings-row,All,에코,DAMAGE,5.1,50.6
2026-01-24,quickplay,Asia,kings-row,All,오리사,TANK,10.8,45.1
2026-01-24,quickplay,Asia,kings-row,All,우양,SUPPORT,16.6,51.6
2026-01-24,quickplay,Asia,kings-row,All,위도우메이커,DAMAGE,9.8,51.5
2026-01-24,quickplay,Asia,kings-row,All,윈스턴,TANK,5.3,48.6
2026-01-24,quickplay,Asia,kings-row,All,일리아리,SUPPORT,17.5,56.2
2026-01-24,quickplay,Asia,kings-row,All,자리야,TANK,11.0,51.7
2026-01-24,quickplay,Asia,kings-row,All,정커퀸,TANK,3.6,54.0
2026-01-24,quickplay,Asia,kings-row,All,정크랫,DAMAGE,10.8,50.2
2026-01-24,quickplay,Asia,kings-row,All,젠야타,SUPPORT,17.9,56.9
2026-01-24,quickplay,Asia,kings-row,All,주노,SUPPORT,12.3,49.8
2026-01-24,quickplay,Asia,kings-row,All,캐서디,DAMAGE,19.0,45.2
2026-01-24,quickplay,Asia,kings-row,All,키리코,SUPPORT,27.0,45.9
2026-01-24,quickplay,Asia,kings-row,All,토르비욘,DAMAGE,4.2,53.5
2026-01-24,quickplay,Asia,kings-row,All,트레이서,DAMAGE,4.0,47.2
2026-01-24,quickplay,Asia,kings-row,All,파라,DAMAGE,6.3,50.6
2026-01-24,quickplay,Asia,kings-row,All,프레야,DAMAGE,8.0,45.6
2026-01-24,quickplay,Asia,kings-row,All,한조,DAMAGE,11.7,50.7
2026-01-24,quickplay,Asia,kings-row,All,해저드,TANK,2.1,47.5
2026-01-24,quickplay,Asia,paraiso,All,D.Va,TANK,12.3,48.5
2026-01-24,quickplay,Asia,paraiso,All,겐지,DAMAGE,14.7,49.4
2026-01-24,quickplay,Asia,paraiso,All,둠피스트,TANK,13.2,49.8
2026-01-24,quickplay,Asia,paraiso,All,라마트라,TANK,6.4,51.0
2026-01-24,quickplay,Asia,paraiso,All,라이프위버,SUPPORT,9.2,49.3
2026-01-24,quickplay,Asia,paraiso,All,라인하르트,TANK,7.4,50.7
2026-01-24,quickplay,Asia,paraiso,All,레킹볼,TANK,3.4,47.4
2026-01-24,quickplay,Asia,paraiso,All,로드호그,TANK,4.9,43.4
2026-01-24,quickplay,Asia,paraiso,All,루시우,SUPPORT,5.3,46.6
2026-01-24,quickplay,Asia,paraiso,All,리퍼,DAMAGE,9.1,53.2
2026-01-24,quickplay,Asia,paraiso,All,마우가,TANK,3.9,48.5
2026-01-24,quickplay,Asia,paraiso,All,메르시,SUPPORT,14.2,46.7
2026-01-24,quickplay,Asia,paraiso,All,메이,DAMAGE,6.0,54.3
2026-01-24,quickplay,Asia,paraiso,All,모이라,SUPPORT,13.5,49.5
2026-01-24,quickplay,Asia,paraiso,All,바스티온,DAMAGE,13.7,50.9
2026-01-24,quickplay,Asia,paraiso,All,바티스트,SUPPORT,10.0,50.0
2026-01-24,quickplay,Asia,paraiso,All,벤데타,DAMAGE,11.9,53.1
2026-01-24,quickplay,Asia,paraiso,All,벤처,DAMAGE,3.5,52.1
2026-01-24,quickplay,Asia,paraiso,All,브리기테,SUPPORT,4.2,51.3
2026-01-24,quickplay,Asia,paraiso,All,소전,DAMAGE,15.0,45.0
2026-01-24,quickplay,Asia,paraiso,All,솔저: 76,DAMAGE,16.9,48.9
2026-01-24,quickplay,Asia,paraiso,All,솜브라,DAMAGE,7.6,46.6
2026-01-24,quickplay,Asia,paraiso,All,시그마,TANK,15.2,56.3
2026-01-24,quickplay,Asia,paraiso,All,시메트라,DAMAGE,4.3,54.7
2026-01-24,quickplay,Asia,paraiso,All,아나,SUPPORT,50.2,47.5
2026-01-24,quickplay,Asia,paraiso,All,애쉬,DAMAGE,22.1,54.2
2026-01-24,quickplay,Asia,paraiso,All,에코,DAMAGE,7.1,51.6
2026-01-24,quickplay,Asia,paraiso,All,오리사,TANK,11.0,47.6
2026-01-24,quickplay,Asia,paraiso,All,우양,SUPPORT,16.7,52.7
2026-01-24,quickplay,Asia,paraiso,All,위도우메이커,DAMAGE,4.5,43.4
2026-01-24,quickplay,Asia,paraiso,All,윈스턴,TANK,7.8,51.2
2026-01-24,quickplay,Asia,paraiso,All,일리아리,SUPPORT,16.6,57.5
2026-01-24,quickplay,Asia,paraiso,All,자리야,TANK,7.6,48.2
2026-01-24,quickplay,Asia,paraiso,All,정커퀸,TANK,3.4,53.1
2026-01-24,quickplay,Asia,paraiso,All,정크랫,DAMAGE,9.2,51.4
2026-01-24,quickplay,Asia,paraiso,All,젠야타,SUPPORT,14.0,55.5
2026-01-24,quickplay,Asia,paraiso,All,주노,SUPPORT,15.2,49.6
2026-01-24,quickplay,Asia,paraiso,All,캐서디,DAMAGE,19.2,45.9
2026-01-24,quickplay,Asia,paraiso,All,키리코,SUPPORT,30.9,46.2
2026-01-24,quickplay,Asia,paraiso,All,토르비욘,DAMAGE,5.5,57.9
2026-01-24,quickplay,Asia,paraiso,All,트레이서,DAMAGE,4.3,44.2
2026-01-24,quickplay,Asia,paraiso,All,파라,DAMAGE,6.4,50.0
2026-01-24,quickplay,Asia,paraiso,All,프레야,DAMAGE,9.5,46.6
2026-01-24,quickplay,Asia,paraiso,All,한조,DAMAGE,9.5,49.5
2026-01-24,quickplay,Asia,paraiso,All,해저드,TANK,3.4,46.8
2026-01-24,quickplay,Asia,runasapi,All,D.Va,TANK,7.6,48.1
2026-01-24,quickplay,Asia,runasapi,All,겐지,DAMAGE,15.9,50.2
2026-01-24,quickplay,Asia,runasapi,All,둠피스트,TANK,15.7,49.2
2026-01-24,quickplay,Asia,runasapi,All,라마트라,TANK,6.7,49.3
2026-01-24,quickplay,Asia,runasapi,All,라이프위버,SUPPORT,7.9,46.9
2026-01-24,quickplay,Asia,runasapi,All,라인하르트,TANK,9.7,54.9
2026-01-24,quickplay,Asia,runasapi,All,레킹볼,TANK,5.2,50.4
2026-01-24,quickplay,Asia,runasapi,All,로드호그,TANK,5.0,41.6
2026-01-24,quickplay,Asia,runasapi,All,루시우,SUPPORT,7.8,51.9
2026-01-24,quickplay,Asia,runasapi,All,리퍼,DAMAGE,8.8,53.0
2026-01-24,quickplay,Asia,runasapi,All,마우가,TANK,4.7,49.4
2026-01-24,quickplay,Asia,runasapi,All,메르시,SUPPORT,11.1,47.5
2026-01-24,quickplay,Asia,runasapi,All,메이,DAMAGE,5.7,53.3
2026-01-24,quickplay,Asia,runasapi,All,모이라,SUPPORT,15.3,48.9
2026-01-24,quickplay,Asia,runasapi,All,바스티온,DAMAGE,13.2,51.5
2026-01-24,quickplay,Asia,runasapi,All,바티스트,SUPPORT,8.0,47.3
2026-01-24,quickplay,Asia,runasapi,All,벤데타,DAMAGE,13.5,54.0
2026-01-24,quickplay,Asia,runasapi,All,벤처,DAMAGE,4.3,54.7
2026-01-24,quickplay,Asia,runasapi,All,브리기테,SUPPORT,6.6,48.7
2026-01-24,quickplay,Asia,runasapi,All,소전,DAMAGE,17.6,46.1
2026-01-24,quickplay,Asia,runasapi,All,솔저: 76,DAMAGE,20.5,51.6
2026-01-24,quickplay,Asia,runasapi,All,솜브라,DAMAGE,10.4,50.8
2026-01-24,quickplay,Asia,runasapi,All,시그마,TANK,9.9,54.8
2026-01-24,quickplay,Asia,runasapi,All,시메트라,DAMAGE,2.4,50.9
2026-01-24,quickplay,Asia,runasapi,All,아나,SUPPORT,47.1,47.0
2026-01-24,quickplay,Asia,runasapi,All,애쉬,DAMAGE,14.3,49.9
2026-01-24,quickplay,Asia,runasapi,All,에코,DAMAGE,5.7,49.0
2026-01-24,quickplay,Asia,runasapi,All,오리사,TANK,11.3,44.3
2026-01-24,quickplay,Asia,runasapi,All,우양,SUPPORT,19.4,54.5
2026-01-24,quickplay,Asia,runasapi,All,위도우메이커,DAMAGE,2.6,39.4
2026-01-24,quickplay,Asia,runasapi,All,윈스턴,TANK,5.4,51.3
2026-01-24,quickplay,Asia,runasapi,All,일리아리,SUPPORT,12.1,56.2
2026-01-24,quickplay,Asia,runasapi,All,자리야,TANK,8.6,48.6
2026-01-24,quickplay,Asia,runasapi,All,정커퀸,TANK,7.0,57.4
2026-01-24,quickplay,Asia,runasapi,All,정크랫,DAMAGE,6.5,48.8
2026-01-24,quickplay,Asia,runasapi,All,젠야타,SUPPORT,12.4,53.6
2026-01-24,quickplay,Asia,runasapi,All,주노,SUPPORT,18.5,52.0
2026-01-24,quickplay,Asia,runasapi,All,캐서디,DAMAGE,25.7,48.2
2026-01-24,quickplay,Asia,runasapi,All,키리코,SUPPORT,33.7,47.4
2026-01-24,quickplay,Asia,runasapi,All,토르비욘,DAMAGE,3.3,55.2
2026-01-24,quickplay,Asia,runasapi,All,트레이서,DAMAGE,9.9,49.5
2026-01-24,quickplay,Asia,runasapi,All,파라,DAMAGE,4.8,47.5
2026-01-24,quickplay,Asia,runasapi,All,프레야,DAMAGE,7.9,45.5
2026-01-24,quickplay,Asia,runasapi,All,한조,DAMAGE,7.0,49.8
2026-01-24,quickplay,Asia,runasapi,All,해저드,TANK,3.1,49.6
2026-01-24,quickplay,Asia,esperanca,All,D.Va,TANK,9.0,49.2
2026-01-24,quickplay,Asia,esperanca,All,겐지,DAMAGE,17.0,50.1
2026-01-24,quickplay,Asia,esperanca,All,둠피스트,TANK,15.9,49.7
2026-01-24,quickplay,Asia,esperanca,All,라마트라,TANK,6.2,48.6
2026-01-24,quickplay,Asia,esperanca,All,라이프위버,SUPPORT,8.3,46.9
2026-01-24,quickplay,Asia,esperanca,All,라인하르트,TANK,9.3,54.2
2026-01-24,quickplay,Asia,esperanca,All,레킹볼,TANK,5.4,49.8
2026-01-24,quickplay,Asia,esperanca,All,로드호그,TANK,5.0,41.5
2026-01-24,quickplay,Asia,esperanca,All,루시우,SUPPORT,7.7,51.1
2026-01-24,quickplay,Asia,esperanca,All,리퍼,DAMAGE,9.1,53.3
2026-01-24,quickplay,Asia,esperanca,All,마우가,TANK,4.4,49.7
2026-01-24,quickplay,Asia,esperanca,All,메르시,SUPPORT,11.7,49.8
2026-01-24,quickplay,Asia,esperanca,All,메이,DAMAGE,5.7,52.3
2026-01-24,quickplay,Asia,esperanca,All,모이라,SUPPORT,15.5,49.8
2026-01-24,quickplay,Asia,esperanca,All,바스티온,DAMAGE,12.3,50.1
2026-01-24,quickplay,Asia,esperanca,All,바티스트,SUPPORT,7.9,47.7
2026-01-24,quickplay,Asia,esperanca,All,벤데타,DAMAGE,13.9,54.1
2026-01-24,quickplay,Asia,esperanca,All,벤처,DAMAGE,3.9,52.3
2026-01-24,quickplay,Asia,esperanca,All,브리기테,SUPPORT,6.4,49.0
2026-01-24,quickplay,Asia,esperanca,All,소전,DAMAGE,16.7,46.2
2026-01-24,quickplay,Asia,esperanca,All,솔저: 76,DAMAGE,20.1,51.4
2026-01-24,quickplay,Asia,esperanca,All,솜브라,DAMAGE,10.7,50.8
2026-01-24,quickplay,Asia,esperanca,All,시그마,TANK,9.6,55.5
2026-01-24,quickplay,Asia,esperanca,All,시메트라,DAMAGE,2.6,52.2
2026-01-24,quickplay,Asia,esperanca,All,아나,SUPPORT,47.1,46.7
2026-01-24,quickplay,Asia,esperanca,All,애쉬,DAMAGE,15.1,50.5
2026-01-24,quickplay,Asia,esperanca,All,에코,DAMAGE,6.4,52.3
2026-01-24,quickplay,Asia,esperanca,All,오리사,TANK,10.8,44.4
2026-01-24,quickplay,Asia,esperanca,All,우양,SUPPORT,18.9,54.5
2026-01-24,quickplay,Asia,esperanca,All,위도우메이커,DAMAGE,2.7,41.6
2026-01-24,quickplay,Asia,esperanca,All,윈스턴,TANK,7.0,52.4
2026-01-24,quickplay,Asia,esperanca,All,일리아리,SUPPORT,11.7,54.5
2026-01-24,quickplay,Asia,esperanca,All,자리야,TANK,7.9,47.8
2026-01-24,quickplay,Asia,esperanca,All,정커퀸,TANK,6.3,56.1
2026-01-24,quickplay,Asia,esperanca,All,정크랫,DAMAGE,6.7,50.8
2026-01-24,quickplay,Asia,esperanca,All,젠야타,SUPPORT,12.5,54.0
2026-01-24,quickplay,Asia,esperanca,All,주노,SUPPORT,17.6,50.8
2026-01-24,quickplay,Asia,esperanca,All,캐서디,DAMAGE,24.5,46.8
2026-01-24,quickplay,Asia,esperanca,All,키리코,SUPPORT,34.8,47.9
2026-01-24,quickplay,Asia,esperanca,All,토르비욘,DAMAGE,3.3,52.2
2026-01-24,quickplay,Asia,esperanca,All,트레이서,DAMAGE,9.5,50.2
2026-01-24,quickplay,Asia,esperanca,All,파라,DAMAGE,5.1,47.9
2026-01-24,quickplay,Asia,esperanca,All,프레야,DAMAGE,7.7,46.6
2026-01-24,quickplay,Asia,esperanca,All,한조,DAMAGE,6.9,49.8
2026-01-24,quickplay,Asia,esperanca,All,해저드,TANK,3.2,49.0
2026-01-24,competitive,Asia,all-maps,All,D.Va,TANK,8.8,47.6
2026-01-24,competitive,Asia,all-maps,All,겐지,DAMAGE,15.1,50.8
2026-01-24,competitive,Asia,all-maps,All,둠피스트,TANK,15.3,50.5
2026-01-24,competitive,Asia,all-maps,All,라마트라,TANK,6.3,49.5
2026-01-24,competitive,Asia,all-maps,All,라이프위버,SUPPORT,7.9,46.7
2026-01-24,competitive,Asia,all-maps,All,라인하르트,TANK,9.3,52.4
2026-01-24,competitive,Asia,all-maps,All,레킹볼,TANK,4.1,49.0
2026-01-24,competitive,Asia,all-maps,All,로드호그,TANK,6.0,44.1
2026-01-24,competitive,Asia,all-maps,All,루시우,SUPPORT,8.2,51.9
2026-01-24,competitive,Asia,all-maps,All,리퍼,DAMAGE,9.5,52.8
2026-01-24,competitive,Asia,all-maps,All,마우가,TANK,4.0,48.1
2026-01-24,competitive,Asia,all-maps,All,메르시,SUPPORT,12.6,47.4
2026-01-24,competitive,Asia,all-maps,All,메이,DAMAGE,6.4,53.2
2026-01-24,competitive,Asia,all-maps,All,모이라,SUPPORT,15.3,49.4
2026-01-24,competitive,Asia,all-maps,All,바스티온,DAMAGE,12.9,49.8
2026-01-24,competitive,Asia,all-maps,All,바티스트,SUPPORT,8.9,47.7
2026-01-24,competitive,Asia,all-maps,All,벤데타,DAMAGE,12.8,54.2
2026-01-24,competitive,Asia,all-maps,All,벤처,DAMAGE,4.3,53.0
2026-01-24,competitive,Asia,all-maps,All,브리기테,SUPPORT,5.6,50.4
2026-01-24,competitive,Asia,all-maps,All,소전,DAMAGE,14.8,45.7
2026-01-24,competitive,Asia,all-maps,All,솔저: 76,DAMAGE,17.5,49.0
2026-01-24,competitive,Asia,all-maps,All,솜브라,DAMAGE,8.6,48.4
2026-01-24,competitive,Asia,all-maps,All,시그마,TANK,12.0,55.4
2026-01-24,competitive,Asia,all-maps,All,시메트라,DAMAGE,4.8,57.1
2026-01-24,competitive,Asia,all-maps,All,아나,SUPPORT,50.4,48.0
2026-01-24,competitive,Asia,all-maps,All,애쉬,DAMAGE,16.4,51.4
2026-01-24,competitive,Asia,all-maps,All,에코,DAMAGE,5.9,51.0
2026-01-24,competitive,Asia,all-maps,All,오리사,TANK,11.3,46.1
2026-01-24,competitive,Asia,all-maps,All,우양,SUPPORT,17.5,53.0
2026-01-24,competitive,Asia,all-maps,All,위도우메이커,DAMAGE,5.1,46.1
2026-01-24,competitive,Asia,all-maps,All,윈스턴,TANK,6.1,50.8
2026-01-24,competitive,Asia,all-maps,All,일리아리,SUPPORT,14.2,56.2
2026-01-24,competitive,Asia,all-maps,All,자리야,TANK,9.1,49.9
2026-01-24,competitive,Asia,all-maps,All,정커퀸,TANK,4.8,54.9
2026-01-24,competitive,Asia,all-maps,All,정크랫,DAMAGE,9.3,51.3
2026-01-24,competitive,Asia,all-maps,All,젠야타,SUPPORT,14.4,54.7
2026-01-24,competitive,Asia,all-maps,All,주노,SUPPORT,14.4,50.1
2026-01-24,competitive,Asia,all-maps,All,캐서디,DAMAGE,22.5,46.4
2026-01-24,competitive,Asia,all-maps,All,키리코,SUPPORT,30.8,46.8
2026-01-24,competitive,Asia,all-maps,All,토르비욘,DAMAGE,4.2,54.8
2026-01-24,competitive,Asia,all-maps,All,트레이서,DAMAGE,6.6,47.7
2026-01-24,competitive,Asia,all-maps,All,파라,DAMAGE,6.7,51.6
2026-01-24,competitive,Asia,all-maps,All,프레야,DAMAGE,7.7,45.8
2026-01-24,competitive,Asia,all-maps,All,한조,DAMAGE,9.0,49.5
2026-01-24,competitive,Asia,all-maps,All,해저드,TANK,2.8,49.4
2026-01-24,quickplay,Asia,hollywood,All,D.Va,TANK,10.6,47.6
2026-01-24,quickplay,Asia,hollywood,All,겐지,DAMAGE,15.1,51.7
2026-01-24,quickplay,Asia,hollywood,All,둠피스트,TANK,14.2,49.7
2026-01-24,quickplay,Asia,hollywood,All,라마트라,TANK,6.3,50.3
2026-01-24,quickplay,Asia,hollywood,All,라이프위버,SUPPORT,8.4,47.3
2026-01-24,quickplay,Asia,hollywood,All,라인하르트,TANK,8.3,50.9
2026-01-24,quickplay,Asia,hollywood,All,레킹볼,TANK,3.5,50.4
2026-01-24,quickplay,Asia,hollywood,All,로드호그,TANK,5.1,42.7
2026-01-24,quickplay,Asia,hollywood,All,루시우,SUPPORT,4.6,46.6
2026-01-24,quickplay,Asia,hollywood,All,리퍼,DAMAGE,8.8,51.8
2026-01-24,quickplay,Asia,hollywood,All,마우가,TANK,3.4,47.0
2026-01-24,quickplay,Asia,hollywood,All,메르시,SUPPORT,14.0,48.4
2026-01-24,quickplay,Asia,hollywood,All,메이,DAMAGE,6.3,53.8
2026-01-24,quickplay,Asia,hollywood,All,모이라,SUPPORT,12.8,48.5
2026-01-24,quickplay,Asia,hollywood,All,바스티온,DAMAGE,13.0,48.6
2026-01-24,quickplay,Asia,hollywood,All,바티스트,SUPPORT,9.5,47.8
2026-01-24,quickplay,Asia,hollywood,All,벤데타,DAMAGE,11.2,54.9
2026-01-24,quickplay,Asia,hollywood,All,벤처,DAMAGE,3.5,51.6
2026-01-24,quickplay,Asia,hollywood,All,브리기테,SUPPORT,4.0,48.4
2026-01-24,quickplay,Asia,hollywood,All,소전,DAMAGE,14.1,44.7
2026-01-24,quickplay,Asia,hollywood,All,솔저: 76,DAMAGE,16.6,48.3
2026-01-24,quickplay,Asia,hollywood,All,솜브라,DAMAGE,7.6,46.1
2026-01-24,quickplay,Asia,hollywood,All,시그마,TANK,15.4,56.9
2026-01-24,quickplay,Asia,hollywood,All,시메트라,DAMAGE,4.9,56.3
2026-01-24,quickplay,Asia,hollywood,All,아나,SUPPORT,55.0,49.2
2026-01-24,quickplay,Asia,hollywood,All,애쉬,DAMAGE,22.1,53.5
2026-01-24,quickplay,Asia,hollywood,All,에코,DAMAGE,5.7,50.8
2026-01-24,quickplay,Asia,hollywood,All,오리사,TANK,10.3,45.0
2026-01-24,quickplay,Asia,hollywood,All,우양,SUPPORT,16.5,51.9
2026-01-24,quickplay,Asia,hollywood,All,위도우메이커,DAMAGE,6.7,46.1
2026-01-24,quickplay,Asia,hollywood,All,윈스턴,TANK,7.9,51.0
2026-01-24,quickplay,Asia,hollywood,All,일리아리,SUPPORT,17.7,57.0
2026-01-24,quickplay,Asia,hollywood,All,자리야,TANK,9.0,50.4
2026-01-24,quickplay,Asia,hollywood,All,정커퀸,TANK,3.3,53.1
2026-01-24,quickplay,Asia,hollywood,All,정크랫,DAMAGE,10.0,53.2
2026-01-24,quickplay,Asia,hollywood,All,젠야타,SUPPORT,15.5,55.3
2026-01-24,quickplay,Asia,hollywood,All,주노,SUPPORT,13.3,49.6
2026-01-24,quickplay,Asia,hollywood,All,캐서디,DAMAGE,19.9,46.0
2026-01-24,quickplay,Asia,hollywood,All,키리코,SUPPORT,28.7,46.1
2026-01-24,quickplay,Asia,hollywood,All,토르비욘,DAMAGE,5.1,56.3
2026-01-24,quickplay,Asia,hollywood,All,트레이서,DAMAGE,4.6,49.3
2026-01-24,quickplay,Asia,hollywood,All,파라,DAMAGE,5.7,49.8
2026-01-24,quickplay,Asia,hollywood,All,프레야,DAMAGE,8.4,45.1
2026-01-24,quickplay,Asia,hollywood,All,한조,DAMAGE,10.7,49.2
2026-01-24,quickplay,Asia,hollywood,All,해저드,TANK,2.8,49.3
2026-01-24,quickplay,Asia,colosseo,All,D.Va,TANK,7.5,45.9
2026-01-24,quickplay,Asia,colosseo,All,겐지,DAMAGE,15.6,51.9
2026-01-24,quickplay,Asia,colosseo,All,둠피스트,TANK,15.8,51.3
2026-01-24,quickplay,Asia,colosseo,All,라마트라,TANK,6.9,49.2
2026-01-24,quickplay,Asia,colosseo,All,라이프위버,SUPPORT,7.9,47.3
2026-01-24,quickplay,Asia,colosseo,All,라인하르트,TANK,9.8,53.9
2026-01-24,quickplay,Asia,colosseo,All,레킹볼,TANK,5.1,52.3
2026-01-24,quickplay,Asia,colosseo,All,로드호그,TANK,4.8,42.0
2026-01-24,quickplay,Asia,colosseo,All,루시우,SUPPORT,6.8,52.6
2026-01-24,quickplay,Asia,colosseo,All,리퍼,DAMAGE,8.4,52.8
2026-01-24,quickplay,Asia,colosseo,All,마우가,TANK,4.2,47.4
2026-01-24,quickplay,Asia,colosseo,All,메르시,SUPPORT,11.7,47.4
2026-01-24,quickplay,Asia,colosseo,All,메이,DAMAGE,5.9,52.3
2026-01-24,quickplay,Asia,colosseo,All,모이라,SUPPORT,14.4,49.3
2026-01-24,quickplay,Asia,colosseo,All,바스티온,DAMAGE,12.8,48.4
2026-01-24,quickplay,Asia,colosseo,All,바티스트,SUPPORT,8.0,45.8
2026-01-24,quickplay,Asia,colosseo,All,벤데타,DAMAGE,13.2,55.4
2026-01-24,quickplay,Asia,colosseo,All,벤처,DAMAGE,3.8,54.3
2026-01-24,quickplay,Asia,colosseo,All,브리기테,SUPPORT,5.4,49.4
2026-01-24,quickplay,Asia,colosseo,All,소전,DAMAGE,16.8,46.8
2026-01-24,quickplay,Asia,colosseo,All,솔저: 76,DAMAGE,18.2,49.3
2026-01-24,quickplay,Asia,colosseo,All,솜브라,DAMAGE,10.1,50.7
2026-01-24,quickplay,Asia,colosseo,All,시그마,TANK,11.6,54.3
2026-01-24,quickplay,Asia,colosseo,All,시메트라,DAMAGE,2.3,52.2
2026-01-24,quickplay,Asia,colosseo,All,아나,SUPPORT,52.4,47.7
2026-01-24,quickplay,Asia,colosseo,All,애쉬,DAMAGE,18.3,49.8
2026-01-24,quickplay,Asia,colosseo,All,에코,DAMAGE,5.4,52.2
2026-01-24,quickplay,Asia,colosseo,All,오리사,TANK,11.4,44.6
2026-01-24,quickplay,Asia,colosseo,All,우양,SUPPORT,18.1,54.6
2026-01-24,quickplay,Asia,colosseo,All,위도우메이커,DAMAGE,5.7,47.5
2026-01-24,quickplay,Asia,colosseo,All,윈스턴,TANK,5.6,51.7
2026-01-24,quickplay,Asia,colosseo,All,일리아리,SUPPORT,12.6,55.5
2026-01-24,quickplay,Asia,colosseo,All,자리야,TANK,8.4,47.2
2026-01-24,quickplay,Asia,colosseo,All,정커퀸,TANK,6.2,56.5
2026-01-24,quickplay,Asia,colosseo,All,정크랫,DAMAGE,7.2,50.0
2026-01-24,quickplay,Asia,colosseo,All,젠야타,SUPPORT,15.2,55.0
2026-01-24,quickplay,Asia,colosseo,All,주노,SUPPORT,15.8,49.8
2026-01-24,quickplay,Asia,colosseo,All,캐서디,DAMAGE,21.4,45.3
2026-01-24,quickplay,Asia,colosseo,All,키리코,SUPPORT,31.6,46.8
2026-01-24,quickplay,Asia,colosseo,All,토르비욘,DAMAGE,3.3,53.2
2026-01-24,quickplay,Asia,colosseo,All,트레이서,DAMAGE,8.3,52.2
2026-01-24,quickplay,Asia,colosseo,All,파라,DAMAGE,4.8,48.4
2026-01-24,quickplay,Asia,colosseo,All,프레야,DAMAGE,8.4,47.1
2026-01-24,quickplay,Asia,colosseo,All,한조,DAMAGE,10.1,50.5
2026-01-24,quickplay,Asia,colosseo,All,해저드,TANK,2.8,50.7
2026-01-24,quickplay,Asia,new-queen-street,All,D.Va,TANK,8.5,48.6
2026-01-24,quickplay,Asia,new-queen-street,All,겐지,DAMAGE,16.1,50.9
2026-01-24,quickplay,Asia,new-queen-street,All,둠피스트,TANK,16.2,49.7
2026-01-24,quickplay,Asia,new-queen-street,All,라마트라,TANK,6.2,49.6
2026-01-24,quickplay,Asia,new-queen-street,All,라이프위버,SUPPORT,8.1,46.3
2026-01-24,quickplay,Asia,new-queen-street,All,라인하르트,TANK,9.4,53.8
2026-01-24,quickplay,Asia,new-queen-street,All,레킹볼,TANK,5.7,50.8
2026-01-24,quickplay,Asia,new-queen-street,All,로드호그,TANK,5.1,41.8
2026-01-24,quickplay,Asia,new-queen-street,All,루시우,SUPPORT,7.2,49.7
2026-01-24,quickplay,Asia,new-queen-street,All,리퍼,DAMAGE,8.6,52.9
2026-01-24,quickplay,Asia,new-queen-street,All,마우가,TANK,4.5,48.3
2026-01-24,quickplay,Asia,new-queen-street,All,메르시,SUPPORT,11.7,46.9
2026-01-24,quickplay,Asia,new-queen-street,All,메이,DAMAGE,5.5,53.5
2026-01-24,quickplay,Asia,new-queen-street,All,모이라,SUPPORT,15.6,49.2
2026-01-24,quickplay,Asia,new-queen-street,All,바스티온,DAMAGE,12.5,49.1
2026-01-24,quickplay,Asia,new-queen-street,All,바티스트,SUPPORT,8.0,49.8
2026-01-24,quickplay,Asia,new-queen-street,All,벤데타,DAMAGE,13.2,53.8
2026-01-24,quickplay,Asia,new-queen-street,All,벤처,DAMAGE,3.7,51.8
2026-01-24,quickplay,Asia,new-queen-street,All,브리기테,SUPPORT,6.2,47.5
2026-01-24,quickplay,Asia,new-queen-street,All,소전,DAMAGE,17.0,46.1
2026-01-24,quickplay,Asia,new-queen-street,All,솔저: 76,DAMAGE,23.1,52.9
2026-01-24,quickplay,Asia,new-queen-street,All,솜브라,DAMAGE,10.9,50.6
2026-01-24,quickplay,Asia,new-queen-street,All,시그마,TANK,9.9,55.1
2026-01-24,quickplay,Asia,new-queen-street,All,시메트라,DAMAGE,2.2,52.5
2026-01-24,quickplay,Asia,new-queen-street,All,아나,SUPPORT,48.0,46.8
2026-01-24,quickplay,Asia,new-queen-street,All,애쉬,DAMAGE,15.0,50.5
2026-01-24,quickplay,Asia,new-queen-street,All,에코,DAMAGE,5.7,50.1
2026-01-24,quickplay,Asia,new-queen-street,All,오리사,TANK,11.0,45.4
2026-01-24,quickplay,Asia,new-queen-street,All,우양,SUPPORT,18.9,55.1
2026-01-24,quickplay,Asia,new-queen-street,All,위도우메이커,DAMAGE,3.0,43.1
2026-01-24,quickplay,Asia,new-queen-street,All,윈스턴,TANK,5.8,50.2
2026-01-24,quickplay,Asia,new-queen-street,All,일리아리,SUPPORT,11.7,55.5
2026-01-24,quickplay,Asia,new-queen-street,All,자리야,TANK,8.3,48.9
2026-01-24,quickplay,Asia,new-queen-street,All,정커퀸,TANK,6.4,56.5
2026-01-24,quickplay,Asia,new-queen-street,All,정크랫,DAMAGE,6.2,48.1
2026-01-24,quickplay,Asia,new-queen-street,All,젠야타,SUPPORT,13.0,54.3
2026-01-24,quickplay,Asia,new-queen-street,All,주노,SUPPORT,17.2,51.5
2026-01-24,quickplay,Asia,new-queen-street,All,캐서디,DAMAGE,24.4,47.1
2026-01-24,quickplay,Asia,new-queen-street,All,키리코,SUPPORT,34.3,48.2
2026-01-24,quickplay,Asia,new-queen-street,All,토르비욘,DAMAGE,3.4,52.4
2026-01-24,quickplay,Asia,new-queen-street,All,트레이서,DAMAGE,9.6,50.8
2026-01-24,quickplay,Asia,new-queen-street,All,파라,DAMAGE,4.8,48.0
2026-01-24,quickplay,Asia,new-queen-street,All,프레야,DAMAGE,7.5,45.8
2026-01-24,quickplay,Asia,new-queen-street,All,한조,DAMAGE,7.6,49.9
2026-01-24,quickplay,Asia,new-queen-street,All,해저드,TANK,3.0,48.9
